datetime,event,peak,count
2026-08-02T07:44:45,bike,115,1
2026-08-02T07:49:40,bike,141,2
2026-08-02T07:51:07,bike,142,3
2026-08-02T07:51:08,bike,219,4
2026-08-02T07:51:17,single,236,5
2026-08-02T07:51:39,single,118,6
2026-08-02T07:53:28,bike,224,7
2026-08-02T07:58:24,bike,120,8
2026-08-02T07:59:16,bike,217,9
2026-08-02T08:01:25,single,143,10
2026-08-02T08:02:14,bike,208,11
2026-08-02T08:06:15,bike,184,12
2026-08-02T08:06:38,bike,138,13
2026-08-02T08:08:12,bike,201,14
2026-08-02T08:08:33,bike,151,15
2026-08-02T08:08:34,bike,135,16
2026-08-02T08:08:58,bike,170,17
2026-08-02T08:09:43,single,163,18
2026-08-02T08:10:04,bike,102,19
2026-08-02T08:10:48,bike,198,20
2026-08-02T08:12:04,single,152,21
2026-08-02T08:12:17,bike,152,22
2026-08-02T08:12:18,single,155,23
2026-08-02T08:13:16,bike,168,24
2026-08-02T08:15:07,bike,151,25
2026-08-02T08:15:08,bike,135,26
2026-08-02T08:17:35,single,68,27
2026-08-02T08:17:35,bike,69,28
2026-08-02T08:17:36,bike,69,29
2026-08-02T08:17:36,bike,69,30
2026-08-02T08:17:36,bike,70,31
2026-08-02T08:17:37,bike,69,32
2026-08-02T08:17:37,bike,70,33
2026-08-02T08:17:37,bike,70,34
2026-08-02T08:17:38,bike,70,35
2026-08-02T08:17:38,bike,70,36
2026-08-02T08:17:38,bike,70,37
2026-08-02T08:17:38,bike,70,38
2026-08-02T08:17:39,bike,71,39
2026-08-02T08:17:39,bike,70,40
2026-08-02T08:17:39,bike,70,41
2026-08-02T08:17:40,bike,71,42
2026-08-02T08:17:40,bike,70,43
2026-08-02T08:17:40,bike,72,44
2026-08-02T08:17:40,bike,71,45
2026-08-02T08:17:41,bike,71,46
2026-08-02T08:17:41,bike,71,47
2026-08-02T08:17:41,bike,71,48
2026-08-02T08:17:42,bike,72,49
2026-08-02T08:17:42,bike,72,50
2026-08-02T08:17:42,bike,72,51
2026-08-02T08:17:42,bike,72,52
2026-08-02T08:17:43,bike,71,53
2026-08-02T08:17:43,bike,72,54
2026-08-02T08:17:43,bike,72,55
2026-08-02T08:17:44,bike,71,56
2026-08-02T08:17:44,bike,72,57
2026-08-02T08:17:44,bike,71,58
2026-08-02T08:17:45,bike,72,59
2026-08-02T08:17:45,bike,72,60
2026-08-02T08:17:46,bike,72,61
2026-08-02T08:17:46,bike,72,62
2026-08-02T08:17:46,bike,72,63
2026-08-02T08:17:47,bike,73,64
2026-08-02T08:18:05,bike,169,65
2026-08-02T08:19:13,bike,251,66
2026-08-02T08:20:09,bike,215,67
2026-08-02T08:22:33,bike,208,68
2026-08-02T08:23:10,bike,205,69
2026-08-02T08:23:12,bike,210,70
2026-08-02T08:23:13,bike,268,71
2026-08-02T08:23:14,bike,188,72
2026-08-02T08:23:15,bike,173,73
2026-08-02T08:23:55,bike,85,74
2026-08-02T08:23:57,bike,162,75
2026-08-02T08:23:57,bike,73,76
2026-08-02T08:23:57,bike,73,77
2026-08-02T08:23:58,bike,204,78
2026-08-02T08:23:58,bike,182,79
2026-08-02T08:23:59,bike,72,80
2026-08-02T08:23:59,bike,72,81
2026-08-02T08:23:59,bike,71,82
2026-08-02T08:23:59,bike,72,83
2026-08-02T08:24:00,bike,72,84
2026-08-02T08:24:00,bike,71,85
2026-08-02T08:24:00,bike,71,86
2026-08-02T08:24:01,bike,71,87
2026-08-02T08:24:01,bike,72,88
2026-08-02T08:24:01,bike,71,89
2026-08-02T08:24:01,bike,72,90
2026-08-02T08:24:02,bike,70,91
2026-08-02T08:24:02,bike,71,92
2026-08-02T08:24:02,bike,70,93
2026-08-02T08:24:03,bike,71,94
2026-08-02T08:24:03,bike,70,95
2026-08-02T08:24:03,bike,71,96
2026-08-02T08:24:03,bike,70,97
2026-08-02T08:24:04,bike,70,98
2026-08-02T08:24:04,bike,69,99
2026-08-02T08:24:04,bike,69,100
2026-08-02T08:24:05,bike,69,101
2026-08-02T08:24:05,bike,68,102
2026-08-02T08:24:06,bike,69,103
2026-08-02T08:24:06,bike,68,104
2026-08-02T08:24:07,bike,181,105
2026-08-02T08:24:08,bike,70,106
2026-08-02T08:24:10,bike,158,107
2026-08-02T08:24:51,bike,69,108
2026-08-02T08:24:51,bike,69,109
2026-08-02T08:24:52,bike,69,110
2026-08-02T08:24:52,bike,69,111
2026-08-02T08:24:52,bike,69,112
2026-08-02T08:24:53,bike,69,113
2026-08-02T08:24:53,bike,69,114
2026-08-02T08:24:53,bike,70,115
2026-08-02T08:24:54,bike,69,116
2026-08-02T08:24:54,bike,69,117
2026-08-02T08:24:55,bike,69,118
2026-08-02T08:24:55,bike,70,119
2026-08-02T08:25:05,bike,69,120
2026-08-02T08:25:06,bike,69,121
2026-08-02T08:25:07,bike,68,122
2026-08-02T08:25:07,bike,70,123
2026-08-02T08:25:08,bike,70,124
2026-08-02T08:25:08,bike,69,125
2026-08-02T08:25:09,bike,69,126
2026-08-02T08:25:10,bike,70,127
2026-08-02T08:25:10,bike,70,128
2026-08-02T08:25:10,bike,69,129
2026-08-02T08:25:11,bike,69,130
2026-08-02T08:25:11,bike,69,131
2026-08-02T08:25:11,bike,69,132
2026-08-02T08:25:11,bike,70,133
2026-08-02T08:25:12,bike,70,134
2026-08-02T08:25:12,bike,70,135
2026-08-02T08:25:12,bike,70,136
2026-08-02T08:25:13,bike,71,137
2026-08-02T08:25:13,bike,70,138
2026-08-02T08:25:13,bike,69,139
2026-08-02T08:25:13,bike,70,140
2026-08-02T08:25:14,bike,70,141
2026-08-02T08:25:14,bike,70,142
2026-08-02T08:25:14,bike,70,143
2026-08-02T08:25:15,bike,69,144
2026-08-02T08:25:15,bike,70,145
2026-08-02T08:25:15,bike,69,146
2026-08-02T08:25:15,bike,69,147
2026-08-02T08:25:16,bike,70,148
2026-08-02T08:25:16,bike,70,149
2026-08-02T08:25:16,bike,70,150
2026-08-02T08:25:17,bike,69,151
2026-08-02T08:25:17,bike,69,152
2026-08-02T08:25:17,bike,70,153
2026-08-02T08:25:18,bike,69,154
2026-08-02T08:25:18,bike,69,155
2026-08-02T08:25:18,bike,69,156
2026-08-02T08:25:19,bike,68,157
2026-08-02T08:25:19,bike,69,158
2026-08-02T08:25:20,bike,69,159
2026-08-02T08:25:21,bike,68,160
2026-08-02T08:26:28,bike,69,161
2026-08-02T08:26:29,bike,69,162
2026-08-02T08:26:29,bike,69,163
2026-08-02T08:26:29,bike,69,164
2026-08-02T08:26:30,bike,69,165
2026-08-02T08:26:30,bike,69,166
2026-08-02T08:26:31,bike,69,167
2026-08-02T08:26:31,bike,69,168
2026-08-02T08:26:31,bike,69,169
2026-08-02T08:26:32,bike,70,170
2026-08-02T08:26:32,bike,69,171
2026-08-02T08:26:32,bike,69,172
2026-08-02T08:26:33,bike,70,173
2026-08-02T08:26:33,bike,70,174
2026-08-02T08:26:33,bike,70,175
2026-08-02T08:26:33,bike,70,176
2026-08-02T08:26:34,bike,70,177
2026-08-02T08:26:34,bike,70,178
2026-08-02T08:26:34,bike,69,179
2026-08-02T08:26:35,bike,69,180
2026-08-02T08:26:35,bike,71,181
2026-08-02T08:26:35,bike,70,182
2026-08-02T08:26:35,bike,70,183
2026-08-02T08:26:36,bike,69,184
2026-08-02T08:26:36,bike,70,185
2026-08-02T08:26:36,bike,70,186
2026-08-02T08:26:37,bike,69,187
2026-08-02T08:26:37,bike,70,188
2026-08-02T08:26:37,bike,70,189
2026-08-02T08:26:37,bike,70,190
2026-08-02T08:26:38,bike,70,191
2026-08-02T08:26:38,bike,70,192
2026-08-02T08:26:38,bike,70,193
2026-08-02T08:26:38,bike,70,194
2026-08-02T08:26:39,bike,70,195
2026-08-02T08:26:39,bike,70,196
2026-08-02T08:26:39,bike,70,197
2026-08-02T08:26:40,bike,70,198
2026-08-02T08:26:40,bike,70,199
2026-08-02T08:26:40,bike,71,200
2026-08-02T08:26:40,bike,70,201
2026-08-02T08:26:41,bike,70,202
2026-08-02T08:26:41,bike,70,203
2026-08-02T08:26:41,bike,71,204
2026-08-02T08:26:42,bike,70,205
2026-08-02T08:26:42,bike,70,206
2026-08-02T08:26:42,bike,70,207
2026-08-02T08:26:42,bike,70,208
2026-08-02T08:26:43,bike,69,209
2026-08-02T08:26:43,bike,74,210
2026-08-02T08:26:43,bike,71,211
2026-08-02T08:26:44,bike,70,212
2026-08-02T08:26:44,bike,70,213
2026-08-02T08:26:44,bike,70,214
2026-08-02T08:26:44,bike,70,215
2026-08-02T08:26:45,bike,70,216
2026-08-02T08:26:45,bike,70,217
2026-08-02T08:26:45,bike,70,218
2026-08-02T08:26:45,bike,69,219
2026-08-02T08:26:46,bike,68,220
2026-08-02T08:26:46,bike,70,221
2026-08-02T08:26:46,bike,70,222
2026-08-02T08:26:47,bike,69,223
2026-08-02T08:26:47,bike,70,224
2026-08-02T08:26:47,bike,69,225
2026-08-02T08:26:48,bike,70,226
2026-08-02T08:27:15,bike,254,227
2026-08-02T08:27:59,bike,166,228
2026-08-02T08:28:01,bike,215,229
2026-08-02T08:29:50,single,252,230
2026-08-02T08:31:56,single,183,231
2026-08-02T08:32:46,bike,245,232
2026-08-02T08:33:10,bike,200,233
2026-08-02T08:37:17,bike,211,234
2026-08-02T08:39:17,bike,190,235
2026-08-02T08:39:17,bike,189,236
2026-08-02T08:41:03,single,66,237
2026-08-02T08:41:37,bike,69,238
2026-08-02T08:41:37,bike,69,239
2026-08-02T08:41:38,bike,69,240
2026-08-02T08:41:38,bike,69,241
2026-08-02T08:41:38,bike,68,242
2026-08-02T08:41:39,bike,69,243
2026-08-02T08:41:39,bike,69,244
2026-08-02T08:41:39,bike,70,245
2026-08-02T08:41:40,bike,69,246
2026-08-02T08:41:40,bike,70,247
2026-08-02T08:41:40,bike,70,248
2026-08-02T08:41:40,bike,70,249
2026-08-02T08:41:41,bike,70,250
2026-08-02T08:41:41,bike,71,251
2026-08-02T08:41:41,bike,70,252
2026-08-02T08:41:42,bike,70,253
2026-08-02T08:41:42,bike,70,254
2026-08-02T08:41:42,bike,70,255
2026-08-02T08:41:42,bike,70,256
2026-08-02T08:41:43,bike,71,257
2026-08-02T08:41:43,bike,72,258
2026-08-02T08:41:43,bike,71,259
2026-08-02T08:41:43,bike,71,260
2026-08-02T08:41:44,bike,71,261
2026-08-02T08:41:44,bike,71,262
2026-08-02T08:41:44,bike,72,263
2026-08-02T08:41:45,bike,72,264
2026-08-02T08:41:45,bike,72,265
2026-08-02T08:41:45,bike,72,266
2026-08-02T08:41:46,bike,72,267
2026-08-02T08:41:46,bike,73,268
2026-08-02T08:41:46,bike,72,269
2026-08-02T08:41:47,bike,72,270
2026-08-02T08:41:47,bike,72,271
2026-08-02T08:41:48,bike,72,272
2026-08-02T08:41:48,bike,73,273
2026-08-02T08:41:49,bike,73,274
2026-08-02T08:41:49,bike,72,275
2026-08-02T08:41:50,bike,73,276
2026-08-02T08:41:50,bike,72,277
2026-08-02T08:41:51,bike,74,278
2026-08-02T08:41:52,bike,74,279
2026-08-02T08:41:53,bike,74,280
2026-08-02T08:41:53,bike,72,281
2026-08-02T08:41:54,bike,72,282
2026-08-02T08:41:54,bike,72,283
2026-08-02T08:41:54,bike,72,284
2026-08-02T08:41:55,bike,72,285
2026-08-02T08:41:55,bike,72,286
2026-08-02T08:41:55,bike,72,287
2026-08-02T08:41:56,bike,72,288
2026-08-02T08:41:56,bike,72,289
2026-08-02T08:41:56,bike,72,290
2026-08-02T08:41:57,bike,72,291
2026-08-02T08:41:57,bike,101,292
2026-08-02T08:41:57,bike,167,293
2026-08-02T08:41:57,bike,72,294
2026-08-02T08:41:58,bike,70,295
2026-08-02T08:41:58,bike,71,296
2026-08-02T08:41:58,bike,72,297
2026-08-02T08:41:59,bike,71,298
2026-08-02T08:41:59,bike,71,299
2026-08-02T08:41:59,bike,70,300
2026-08-02T08:41:59,bike,70,301
2026-08-02T08:42:00,bike,71,302
2026-08-02T08:42:00,bike,71,303
2026-08-02T08:42:00,bike,70,304
2026-08-02T08:42:01,bike,70,305
2026-08-02T08:42:01,bike,70,306
2026-08-02T08:42:01,bike,71,307
2026-08-02T08:42:01,bike,70,308
2026-08-02T08:42:02,bike,70,309
2026-08-02T08:42:02,bike,70,310
2026-08-02T08:42:02,bike,71,311
2026-08-02T08:42:02,bike,70,312
2026-08-02T08:42:03,bike,72,313
2026-08-02T08:42:03,bike,70,314
2026-08-02T08:42:03,bike,70,315
2026-08-02T08:42:04,bike,70,316
2026-08-02T08:42:04,bike,69,317
2026-08-02T08:42:04,bike,70,318
2026-08-02T08:42:04,bike,70,319
2026-08-02T08:42:05,bike,70,320
2026-08-02T08:42:05,bike,69,321
2026-08-02T08:42:05,bike,69,322
2026-08-02T08:42:06,bike,69,323
2026-08-02T08:42:06,bike,69,324
2026-08-02T08:42:07,bike,70,325
2026-08-02T08:42:17,bike,68,326
2026-08-02T08:42:17,bike,68,327
2026-08-02T08:42:18,bike,68,328
2026-08-02T08:42:18,bike,70,329
2026-08-02T08:42:18,bike,69,330
2026-08-02T08:42:19,bike,69,331
2026-08-02T08:42:19,bike,69,332
2026-08-02T08:42:19,bike,69,333
2026-08-02T08:42:20,bike,70,334
2026-08-02T08:42:20,bike,70,335
2026-08-02T08:42:20,bike,70,336
2026-08-02T08:42:20,bike,70,337
2026-08-02T08:42:21,bike,70,338
2026-08-02T08:42:21,bike,70,339
2026-08-02T08:42:21,bike,70,340
2026-08-02T08:42:22,bike,70,341
2026-08-02T08:42:22,bike,70,342
2026-08-02T08:42:22,bike,70,343
2026-08-02T08:42:22,bike,70,344
2026-08-02T08:42:23,bike,70,345
2026-08-02T08:42:23,bike,70,346
2026-08-02T08:42:23,bike,70,347
2026-08-02T08:42:24,bike,70,348
2026-08-02T08:42:24,bike,70,349
2026-08-02T08:42:24,bike,70,350
2026-08-02T08:42:24,bike,71,351
2026-08-02T08:42:25,bike,70,352
2026-08-02T08:42:25,bike,72,353
2026-08-02T08:42:25,bike,71,354
2026-08-02T08:42:26,bike,70,355
2026-08-02T08:42:26,bike,70,356
2026-08-02T08:42:26,bike,70,357
2026-08-02T08:42:26,bike,71,358
2026-08-02T08:42:27,bike,70,359
2026-08-02T08:42:27,bike,70,360
2026-08-02T08:42:27,bike,71,361
2026-08-02T08:42:27,bike,71,362
2026-08-02T08:42:28,bike,71,363
2026-08-02T08:42:28,bike,71,364
2026-08-02T08:42:28,bike,70,365
2026-08-02T08:42:29,bike,70,366
2026-08-02T08:42:29,bike,70,367
2026-08-02T08:42:29,bike,71,368
2026-08-02T08:42:29,bike,70,369
2026-08-02T08:42:30,bike,70,370
2026-08-02T08:42:30,bike,70,371
2026-08-02T08:42:30,bike,69,372
2026-08-02T08:42:31,bike,70,373
2026-08-02T08:42:31,bike,70,374
2026-08-02T08:42:31,bike,71,375
2026-08-02T08:42:31,bike,70,376
2026-08-02T08:42:32,bike,72,377
2026-08-02T08:42:32,bike,70,378
2026-08-02T08:42:32,bike,70,379
2026-08-02T08:42:32,bike,70,380
2026-08-02T08:42:33,bike,70,381
2026-08-02T08:42:33,bike,70,382
2026-08-02T08:42:33,bike,71,383
2026-08-02T08:42:34,bike,72,384
2026-08-02T08:42:34,bike,70,385
2026-08-02T08:42:34,bike,70,386
2026-08-02T08:42:34,bike,71,387
2026-08-02T08:42:35,bike,71,388
2026-08-02T08:42:35,bike,71,389
2026-08-02T08:42:35,bike,70,390
2026-08-02T08:42:36,bike,71,391
2026-08-02T08:42:36,bike,83,392
2026-08-02T08:42:36,bike,70,393
2026-08-02T08:42:36,bike,72,394
2026-08-02T08:42:37,bike,70,395
2026-08-02T08:42:37,bike,71,396
2026-08-02T08:42:37,bike,71,397
2026-08-02T08:42:38,bike,70,398
2026-08-02T08:42:38,bike,70,399
2026-08-02T08:42:38,bike,71,400
2026-08-02T08:42:38,bike,70,401
2026-08-02T08:42:39,bike,70,402
2026-08-02T08:42:39,bike,70,403
2026-08-02T08:42:39,bike,70,404
2026-08-02T08:42:39,bike,71,405
2026-08-02T08:42:40,bike,70,406
2026-08-02T08:42:40,bike,70,407
2026-08-02T08:42:40,bike,70,408
2026-08-02T08:42:41,bike,70,409
2026-08-02T08:42:41,bike,70,410
2026-08-02T08:42:41,bike,70,411
2026-08-02T08:42:41,bike,70,412
2026-08-02T08:42:42,bike,71,413
2026-08-02T08:42:42,bike,70,414
2026-08-02T08:42:42,bike,71,415
2026-08-02T08:42:43,bike,71,416
2026-08-02T08:42:43,bike,71,417
2026-08-02T08:42:43,bike,70,418
2026-08-02T08:42:43,bike,71,419
2026-08-02T08:42:44,bike,72,420
2026-08-02T08:42:44,bike,71,421
2026-08-02T08:42:44,bike,70,422
2026-08-02T08:42:45,bike,70,423
2026-08-02T08:42:45,bike,71,424
2026-08-02T08:42:45,bike,71,425
2026-08-02T08:42:45,bike,71,426
2026-08-02T08:42:46,bike,72,427
2026-08-02T08:42:46,bike,71,428
2026-08-02T08:42:46,bike,72,429
2026-08-02T08:42:47,bike,72,430
2026-08-02T08:42:47,bike,71,431
2026-08-02T08:42:47,bike,72,432
2026-08-02T08:42:47,bike,72,433
2026-08-02T08:42:48,bike,71,434
2026-08-02T08:42:48,bike,72,435
2026-08-02T08:42:48,bike,71,436
2026-08-02T08:42:48,bike,71,437
2026-08-02T08:42:49,bike,70,438
2026-08-02T08:42:49,bike,72,439
2026-08-02T08:42:49,bike,72,440
2026-08-02T08:42:50,bike,72,441
2026-08-02T08:42:50,bike,71,442
2026-08-02T08:42:50,bike,72,443
2026-08-02T08:42:51,bike,72,444
2026-08-02T08:42:51,bike,72,445
2026-08-02T08:42:51,bike,71,446
2026-08-02T08:42:51,bike,72,447
2026-08-02T08:42:52,bike,71,448
2026-08-02T08:42:52,bike,72,449
2026-08-02T08:42:52,bike,72,450
2026-08-02T08:42:53,bike,72,451
2026-08-02T08:42:53,bike,72,452
2026-08-02T08:42:53,bike,71,453
2026-08-02T08:42:53,bike,72,454
2026-08-02T08:42:54,bike,72,455
2026-08-02T08:42:54,bike,71,456
2026-08-02T08:42:54,bike,71,457
2026-08-02T08:42:55,bike,72,458
2026-08-02T08:42:55,bike,71,459
2026-08-02T08:42:55,bike,71,460
2026-08-02T08:42:55,bike,71,461
2026-08-02T08:42:56,bike,71,462
2026-08-02T08:42:56,bike,71,463
2026-08-02T08:42:56,bike,70,464
2026-08-02T08:42:57,bike,71,465
2026-08-02T08:42:57,bike,71,466
2026-08-02T08:42:57,bike,70,467
2026-08-02T08:42:57,bike,70,468
2026-08-02T08:42:58,bike,70,469
2026-08-02T08:42:58,bike,70,470
2026-08-02T08:42:58,bike,71,471
2026-08-02T08:42:58,bike,70,472
2026-08-02T08:42:59,bike,70,473
2026-08-02T08:42:59,bike,70,474
2026-08-02T08:42:59,bike,70,475
2026-08-02T08:43:00,bike,70,476
2026-08-02T08:43:00,bike,70,477
2026-08-02T08:43:00,bike,71,478
2026-08-02T08:43:00,bike,70,479
2026-08-02T08:43:01,bike,70,480
2026-08-02T08:43:01,bike,70,481
2026-08-02T08:43:01,bike,69,482
2026-08-02T08:43:02,bike,70,483
2026-08-02T08:43:02,bike,72,484
2026-08-02T08:43:02,bike,70,485
2026-08-02T08:43:03,bike,69,486
2026-08-02T08:43:03,bike,70,487
2026-08-02T08:43:03,bike,70,488
2026-08-02T08:43:03,bike,70,489
2026-08-02T08:43:04,bike,69,490
2026-08-02T08:43:04,bike,70,491
2026-08-02T08:43:04,bike,69,492
2026-08-02T08:43:05,bike,69,493
2026-08-02T08:43:05,bike,69,494
2026-08-02T08:43:05,bike,69,495
2026-08-02T08:43:06,bike,69,496
2026-08-02T08:43:06,bike,68,497
2026-08-02T08:43:07,bike,69,498
2026-08-02T08:43:07,bike,69,499
2026-08-02T08:43:07,bike,68,500
2026-08-02T08:43:08,bike,69,501
2026-08-02T08:43:08,bike,69,502
2026-08-02T08:43:09,bike,70,503
2026-08-02T08:43:09,bike,69,504
2026-08-02T08:43:09,bike,69,505
2026-08-02T08:43:09,bike,69,506
2026-08-02T08:43:10,bike,70,507
2026-08-02T08:43:10,bike,69,508
2026-08-02T08:43:10,bike,71,509
2026-08-02T08:43:11,bike,70,510
2026-08-02T08:43:11,bike,70,511
2026-08-02T08:43:11,bike,70,512
2026-08-02T08:43:11,bike,70,513
2026-08-02T08:43:12,bike,70,514
2026-08-02T08:43:12,bike,72,515
2026-08-02T08:43:12,bike,71,516
2026-08-02T08:43:13,bike,70,517
2026-08-02T08:43:13,bike,71,518
2026-08-02T08:43:13,bike,70,519
2026-08-02T08:43:13,bike,70,520
2026-08-02T08:43:14,bike,71,521
2026-08-02T08:43:14,bike,71,522
2026-08-02T08:43:14,bike,71,523
2026-08-02T08:43:15,bike,72,524
2026-08-02T08:43:15,bike,71,525
2026-08-02T08:43:15,bike,72,526
2026-08-02T08:43:15,bike,72,527
2026-08-02T08:43:16,bike,73,528
2026-08-02T08:43:16,bike,73,529
2026-08-02T08:43:17,bike,72,530
2026-08-02T08:44:00,bike,373,531
2026-08-02T08:44:06,bike,215,532
2026-08-02T08:44:11,bike,180,533
2026-08-02T08:44:13,bike,182,534
2026-08-02T08:45:19,bike,250,535
2026-08-02T08:45:45,bike,74,536
2026-08-02T08:45:46,bike,74,537
2026-08-02T08:46:01,bike,247,538
2026-08-02T08:46:18,bike,244,539
2026-08-02T08:46:24,bike,240,540
2026-08-02T08:46:24,bike,74,541
2026-08-02T08:46:26,bike,74,542
2026-08-02T08:46:27,bike,73,543
2026-08-02T08:46:28,bike,73,544
2026-08-02T08:46:29,bike,74,545
2026-08-02T08:46:29,bike,72,546
2026-08-02T08:46:29,bike,72,547
2026-08-02T08:46:30,bike,72,548
2026-08-02T08:46:30,bike,72,549
2026-08-02T08:46:30,bike,72,550
2026-08-02T08:46:31,bike,72,551
2026-08-02T08:46:31,bike,72,552
2026-08-02T08:46:31,bike,72,553
2026-08-02T08:46:31,bike,71,554
2026-08-02T08:46:32,bike,70,555
2026-08-02T08:46:32,bike,71,556
2026-08-02T08:46:32,bike,70,557
2026-08-02T08:46:33,bike,70,558
2026-08-02T08:46:33,bike,70,559
2026-08-02T08:46:33,bike,70,560
2026-08-02T08:46:33,bike,70,561
2026-08-02T08:46:34,bike,71,562
2026-08-02T08:46:34,bike,70,563
2026-08-02T08:46:34,bike,70,564
2026-08-02T08:46:35,bike,70,565
2026-08-02T08:46:35,bike,69,566
2026-08-02T08:46:35,bike,70,567
2026-08-02T08:46:35,bike,70,568
2026-08-02T08:46:36,bike,70,569
2026-08-02T08:46:36,bike,70,570
2026-08-02T08:46:37,bike,69,571
2026-08-02T08:47:09,single,68,572
2026-08-02T08:47:13,bike,69,573
2026-08-02T08:47:15,bike,70,574
2026-08-02T08:47:17,bike,69,575
2026-08-02T08:47:19,single,66,576
2026-08-02T08:47:20,bike,69,577
2026-08-02T08:47:21,bike,69,578
2026-08-02T08:47:21,bike,69,579
2026-08-02T08:47:21,bike,69,580
2026-08-02T08:47:22,bike,69,581
2026-08-02T08:47:22,bike,70,582
2026-08-02T08:47:23,bike,69,583
2026-08-02T08:47:23,bike,70,584
2026-08-02T08:47:23,bike,70,585
2026-08-02T08:47:23,bike,70,586
2026-08-02T08:47:24,bike,70,587
2026-08-02T08:47:24,bike,71,588
2026-08-02T08:47:24,bike,70,589
2026-08-02T08:47:25,bike,71,590
2026-08-02T08:47:25,bike,69,591
2026-08-02T08:47:25,bike,70,592
2026-08-02T08:47:26,bike,70,593
2026-08-02T08:47:26,bike,69,594
2026-08-02T08:47:26,bike,69,595
2026-08-02T08:47:26,bike,70,596
2026-08-02T08:47:27,bike,69,597
2026-08-02T08:47:27,bike,70,598
2026-08-02T08:47:27,bike,70,599
2026-08-02T08:47:27,bike,70,600
2026-08-02T08:47:28,bike,71,601
2026-08-02T08:47:28,bike,70,602
2026-08-02T08:47:28,bike,70,603
2026-08-02T08:47:29,bike,70,604
2026-08-02T08:47:29,bike,71,605
2026-08-02T08:47:29,bike,72,606
2026-08-02T08:47:29,bike,70,607
2026-08-02T08:47:30,bike,70,608
2026-08-02T08:47:30,bike,70,609
2026-08-02T08:47:30,bike,70,610
2026-08-02T08:47:31,bike,72,611
2026-08-02T08:47:31,bike,71,612
2026-08-02T08:47:31,bike,71,613
2026-08-02T08:47:31,bike,72,614
2026-08-02T08:47:32,bike,71,615
2026-08-02T08:47:32,bike,71,616
2026-08-02T08:47:32,bike,72,617
2026-08-02T08:47:33,bike,72,618
2026-08-02T08:47:33,bike,71,619
2026-08-02T08:47:33,bike,72,620
2026-08-02T08:47:34,bike,73,621
2026-08-02T08:47:34,bike,72,622
2026-08-02T08:47:34,bike,72,623
2026-08-02T08:47:35,bike,73,624
2026-08-02T08:47:35,bike,73,625
2026-08-02T08:47:35,bike,73,626
2026-08-02T08:47:36,bike,73,627
2026-08-02T08:47:36,bike,72,628
2026-08-02T08:47:37,bike,72,629
2026-08-02T08:47:37,bike,71,630
2026-08-02T08:47:37,bike,74,631
2026-08-02T08:47:38,bike,73,632
2026-08-02T08:47:38,bike,73,633
2026-08-02T08:47:39,bike,73,634
2026-08-02T08:47:40,bike,72,635
2026-08-02T08:47:40,bike,73,636
2026-08-02T08:47:41,bike,73,637
2026-08-02T08:47:42,bike,73,638
2026-08-02T08:47:42,bike,73,639
2026-08-02T08:47:43,bike,72,640
2026-08-02T08:47:43,bike,73,641
2026-08-02T08:47:44,bike,74,642
2026-08-02T08:47:44,bike,72,643
2026-08-02T08:47:44,bike,73,644
2026-08-02T08:47:45,bike,72,645
2026-08-02T08:47:45,bike,74,646
2026-08-02T08:47:46,bike,73,647
2026-08-02T08:47:46,bike,73,648
2026-08-02T08:47:47,bike,73,649
2026-08-02T08:47:47,bike,72,650
2026-08-02T08:47:47,bike,73,651
2026-08-02T08:47:48,bike,72,652
2026-08-02T08:47:48,bike,73,653
2026-08-02T08:47:48,bike,72,654
2026-08-02T08:47:49,bike,72,655
2026-08-02T08:47:49,bike,73,656
2026-08-02T08:47:49,bike,72,657
2026-08-02T08:47:50,bike,71,658
2026-08-02T08:47:50,bike,72,659
2026-08-02T08:47:50,bike,72,660
2026-08-02T08:47:51,bike,72,661
2026-08-02T08:47:51,bike,72,662
2026-08-02T08:47:51,bike,72,663
2026-08-02T08:47:52,bike,72,664
2026-08-02T08:47:52,bike,71,665
2026-08-02T08:47:52,bike,72,666
2026-08-02T08:47:52,bike,71,667
2026-08-02T08:47:53,bike,72,668
2026-08-02T08:47:53,bike,71,669
2026-08-02T08:47:53,bike,72,670
2026-08-02T08:47:54,bike,72,671
2026-08-02T08:47:54,bike,72,672
2026-08-02T08:47:54,bike,71,673
2026-08-02T08:47:54,bike,70,674
2026-08-02T08:47:55,bike,72,675
2026-08-02T08:47:55,bike,71,676
2026-08-02T08:47:55,bike,72,677
2026-08-02T08:47:56,bike,70,678
2026-08-02T08:47:56,bike,71,679
2026-08-02T08:47:56,bike,70,680
2026-08-02T08:47:56,bike,70,681
2026-08-02T08:47:57,bike,71,682
2026-08-02T08:47:57,bike,71,683
2026-08-02T08:47:57,bike,70,684
2026-08-02T08:47:58,bike,70,685
2026-08-02T08:47:58,bike,70,686
2026-08-02T08:47:58,bike,70,687
2026-08-02T08:47:58,bike,70,688
2026-08-02T08:47:59,bike,70,689
2026-08-02T08:47:59,bike,71,690
2026-08-02T08:47:59,bike,71,691
2026-08-02T08:48:00,bike,70,692
2026-08-02T08:48:00,bike,72,693
2026-08-02T08:48:00,bike,70,694
2026-08-02T08:48:00,bike,71,695
2026-08-02T08:48:01,bike,71,696
2026-08-02T08:48:01,bike,71,697
2026-08-02T08:48:01,bike,71,698
2026-08-02T08:48:01,bike,71,699
2026-08-02T08:48:02,bike,71,700
2026-08-02T08:48:02,bike,70,701
2026-08-02T08:48:02,bike,70,702
2026-08-02T08:48:03,bike,70,703
2026-08-02T08:48:03,bike,71,704
2026-08-02T08:48:03,bike,70,705
2026-08-02T08:48:03,bike,70,706
2026-08-02T08:48:04,bike,71,707
2026-08-02T08:48:04,bike,70,708
2026-08-02T08:48:04,bike,161,709
2026-08-02T08:48:05,bike,72,710
2026-08-02T08:48:05,bike,70,711
2026-08-02T08:48:05,bike,70,712
2026-08-02T08:48:05,bike,70,713
2026-08-02T08:48:06,bike,70,714
2026-08-02T08:48:06,bike,70,715
2026-08-02T08:48:06,bike,70,716
2026-08-02T08:48:06,bike,70,717
2026-08-02T08:48:07,bike,70,718
2026-08-02T08:48:07,bike,70,719
2026-08-02T08:48:07,bike,70,720
2026-08-02T08:48:08,bike,70,721
2026-08-02T08:48:08,bike,70,722
2026-08-02T08:48:08,bike,70,723
2026-08-02T08:48:08,bike,70,724
2026-08-02T08:48:09,bike,71,725
2026-08-02T08:48:09,bike,70,726
2026-08-02T08:48:09,bike,70,727
2026-08-02T08:48:10,bike,69,728
2026-08-02T08:48:10,bike,69,729
2026-08-02T08:48:10,bike,70,730
2026-08-02T08:48:10,bike,70,731
2026-08-02T08:48:11,bike,70,732
2026-08-02T08:48:11,bike,69,733
2026-08-02T08:48:11,bike,69,734
2026-08-02T08:48:12,bike,69,735
2026-08-02T08:48:12,bike,69,736
2026-08-02T08:48:12,bike,70,737
2026-08-02T08:48:13,bike,70,738
2026-08-02T08:48:13,bike,69,739
2026-08-02T08:48:13,bike,70,740
2026-08-02T08:48:13,bike,69,741
2026-08-02T08:48:14,bike,70,742
2026-08-02T08:48:14,bike,69,743
2026-08-02T08:48:14,bike,70,744
2026-08-02T08:48:15,bike,69,745
2026-08-02T08:48:15,bike,70,746
2026-08-02T08:48:15,bike,69,747
2026-08-02T08:48:16,bike,69,748
2026-08-02T08:48:16,bike,69,749
2026-08-02T08:48:16,bike,70,750
2026-08-02T08:48:17,bike,68,751
2026-08-02T08:48:17,bike,69,752
2026-08-02T08:48:17,bike,69,753
2026-08-02T08:48:18,bike,69,754
2026-08-02T08:48:18,bike,69,755
2026-08-02T08:48:18,bike,70,756
2026-08-02T08:48:19,bike,70,757
2026-08-02T08:48:19,bike,70,758
2026-08-02T08:48:20,bike,68,759
2026-08-02T08:48:20,bike,69,760
2026-08-02T08:48:20,bike,69,761
2026-08-02T08:48:21,bike,69,762
2026-08-02T08:48:21,bike,69,763
2026-08-02T08:48:22,bike,69,764
2026-08-02T08:48:53,single,66,765
2026-08-02T08:48:55,bike,173,766
2026-08-02T08:49:53,bike,173,767
2026-08-02T08:49:55,bike,244,768
2026-08-02T08:49:56,bike,183,769
2026-08-02T08:49:57,bike,195,770
2026-08-02T08:50:03,bike,212,771
2026-08-02T08:52:03,bike,70,772
2026-08-02T08:52:03,bike,70,773
2026-08-02T08:52:41,single,234,774
2026-08-02T08:53:40,bike,70,775
2026-08-02T08:53:40,bike,70,776
2026-08-02T08:53:40,bike,70,777
2026-08-02T08:53:41,bike,69,778
2026-08-02T08:53:41,bike,69,779
2026-08-02T08:53:41,bike,71,780
2026-08-02T08:53:42,bike,70,781
2026-08-02T08:53:42,bike,69,782
2026-08-02T08:53:42,bike,69,783
2026-08-02T08:53:43,bike,70,784
2026-08-02T08:53:43,bike,70,785
2026-08-02T08:53:43,bike,69,786
2026-08-02T08:53:44,bike,69,787
2026-08-02T08:53:44,bike,71,788
2026-08-02T08:53:44,bike,71,789
2026-08-02T08:53:44,bike,69,790
2026-08-02T08:53:45,bike,70,791
2026-08-02T08:53:45,bike,69,792
2026-08-02T08:53:45,bike,70,793
2026-08-02T08:53:46,bike,69,794
2026-08-02T08:53:46,bike,70,795
2026-08-02T08:53:46,bike,70,796
2026-08-02T08:53:46,bike,70,797
2026-08-02T08:53:47,bike,70,798
2026-08-02T08:53:47,bike,70,799
2026-08-02T08:53:47,bike,70,800
2026-08-02T08:53:48,bike,70,801
2026-08-02T08:53:48,bike,70,802
2026-08-02T08:53:48,bike,71,803
2026-08-02T08:53:48,bike,71,804
2026-08-02T08:53:49,bike,71,805
2026-08-02T08:53:49,bike,71,806
2026-08-02T08:53:49,bike,71,807
2026-08-02T08:53:49,bike,71,808
2026-08-02T08:53:50,bike,72,809
2026-08-02T08:53:50,bike,71,810
2026-08-02T08:53:50,bike,71,811
2026-08-02T08:53:51,bike,70,812
2026-08-02T08:53:51,bike,70,813
2026-08-02T08:53:51,bike,70,814
2026-08-02T08:53:51,bike,71,815
2026-08-02T08:53:52,bike,70,816
2026-08-02T08:53:52,bike,71,817
2026-08-02T08:53:52,bike,71,818
2026-08-02T08:53:53,bike,72,819
2026-08-02T08:53:53,bike,71,820
2026-08-02T08:53:53,bike,72,821
2026-08-02T08:53:53,bike,71,822
2026-08-02T08:53:54,bike,71,823
2026-08-02T08:53:54,bike,72,824
2026-08-02T08:53:54,bike,71,825
2026-08-02T08:53:55,bike,71,826
2026-08-02T08:53:55,bike,72,827
2026-08-02T08:53:55,bike,71,828
2026-08-02T08:53:56,bike,72,829
2026-08-02T08:53:56,bike,70,830
2026-08-02T08:53:56,bike,72,831
2026-08-02T08:53:56,bike,72,832
2026-08-02T08:53:57,bike,72,833
2026-08-02T08:53:57,bike,72,834
2026-08-02T08:53:58,bike,72,835
2026-08-02T08:53:58,bike,73,836
2026-08-02T08:53:58,bike,73,837
2026-08-02T08:53:59,bike,73,838
2026-08-02T08:53:59,bike,72,839
2026-08-02T08:53:59,bike,71,840
2026-08-02T08:54:00,bike,72,841
2026-08-02T08:54:00,bike,72,842
2026-08-02T08:54:00,bike,72,843
2026-08-02T08:54:01,bike,72,844
2026-08-02T08:54:01,bike,72,845
2026-08-02T08:54:01,bike,73,846
2026-08-02T08:54:02,bike,72,847
2026-08-02T08:54:02,bike,72,848
2026-08-02T08:54:02,bike,72,849
2026-08-02T08:54:03,bike,72,850
2026-08-02T08:54:03,bike,72,851
2026-08-02T08:54:03,bike,72,852
2026-08-02T08:54:04,bike,72,853
2026-08-02T08:54:04,bike,71,854
2026-08-02T08:54:04,bike,71,855
2026-08-02T08:54:05,bike,72,856
2026-08-02T08:54:05,bike,72,857
2026-08-02T08:54:05,bike,73,858
2026-08-02T08:54:06,bike,72,859
2026-08-02T08:54:06,bike,72,860
2026-08-02T08:54:06,bike,71,861
2026-08-02T08:54:07,bike,72,862
2026-08-02T08:54:07,bike,72,863
2026-08-02T08:54:07,bike,72,864
2026-08-02T08:54:08,bike,73,865
2026-08-02T08:54:08,bike,72,866
2026-08-02T08:54:08,bike,72,867
2026-08-02T08:54:09,bike,72,868
2026-08-02T08:54:09,bike,72,869
2026-08-02T08:54:09,bike,72,870
2026-08-02T08:54:10,bike,72,871
2026-08-02T08:54:10,bike,72,872
2026-08-02T08:54:10,bike,72,873
2026-08-02T08:54:10,bike,72,874
2026-08-02T08:54:11,bike,72,875
2026-08-02T08:54:11,bike,72,876
2026-08-02T08:54:11,bike,71,877
2026-08-02T08:54:12,bike,72,878
2026-08-02T08:54:12,bike,71,879
2026-08-02T08:54:12,bike,71,880
2026-08-02T08:54:13,bike,71,881
2026-08-02T08:54:13,bike,72,882
2026-08-02T08:54:13,bike,70,883
2026-08-02T08:54:13,bike,71,884
2026-08-02T08:54:14,bike,71,885
2026-08-02T08:54:14,bike,71,886
2026-08-02T08:54:14,bike,71,887
2026-08-02T08:54:15,bike,70,888
2026-08-02T08:54:15,bike,71,889
2026-08-02T08:54:15,bike,71,890
2026-08-02T08:54:15,bike,71,891
2026-08-02T08:54:16,bike,71,892
2026-08-02T08:54:16,bike,72,893
2026-08-02T08:54:16,bike,70,894
2026-08-02T08:54:16,bike,71,895
2026-08-02T08:54:17,bike,70,896
2026-08-02T08:54:17,bike,70,897
2026-08-02T08:54:17,bike,70,898
2026-08-02T08:54:18,bike,71,899
2026-08-02T08:54:18,bike,70,900
2026-08-02T08:54:18,bike,70,901
2026-08-02T08:54:18,bike,70,902
2026-08-02T08:54:19,bike,70,903
2026-08-02T08:54:19,bike,70,904
2026-08-02T08:54:19,bike,71,905
2026-08-02T08:54:20,bike,70,906
2026-08-02T08:54:20,bike,71,907
2026-08-02T08:54:20,bike,71,908
2026-08-02T08:54:20,bike,70,909
2026-08-02T08:54:21,bike,72,910
2026-08-02T08:54:21,bike,70,911
2026-08-02T08:54:21,bike,70,912
2026-08-02T08:54:21,bike,70,913
2026-08-02T08:54:22,bike,70,914
2026-08-02T08:54:22,bike,70,915
2026-08-02T08:54:22,bike,70,916
2026-08-02T08:54:23,bike,70,917
2026-08-02T08:54:23,bike,70,918
2026-08-02T08:54:23,bike,71,919
2026-08-02T08:54:23,bike,70,920
2026-08-02T08:54:24,bike,70,921
2026-08-02T08:54:24,bike,70,922
2026-08-02T08:54:24,bike,70,923
2026-08-02T08:54:25,bike,68,924
2026-08-02T08:54:25,bike,70,925
2026-08-02T08:54:25,bike,69,926
2026-08-02T08:54:26,bike,69,927
2026-08-02T08:54:26,bike,69,928
2026-08-02T08:54:27,bike,70,929
2026-08-02T08:54:27,bike,70,930
2026-08-02T08:54:27,bike,70,931
2026-08-02T08:57:38,bike,114,932
2026-08-02T08:57:58,bike,401,933
2026-08-02T09:00:04,single,104,934
2026-08-02T09:00:06,bike,156,935
2026-08-02T09:00:56,bike,275,936
2026-08-02T09:01:43,bike,192,937
2026-08-02T09:01:51,bike,170,938
2026-08-02T09:01:52,single,157,939
2026-08-02T09:01:57,bike,172,940
2026-08-02T09:03:00,bike,136,941
2026-08-02T09:03:01,bike,182,942
2026-08-02T09:03:04,bike,128,943
2026-08-02T09:03:05,bike,141,944
2026-08-02T09:03:34,single,261,945
2026-08-02T09:03:41,bike,130,946
2026-08-02T09:04:21,bike,386,947
2026-08-02T09:04:24,bike,138,948
2026-08-02T09:04:25,bike,137,949
2026-08-02T09:04:39,bike,160,950
2026-08-02T09:05:26,single,114,951
2026-08-02T09:05:58,bike,162,952
2026-08-02T09:06:12,bike,176,953
2026-08-02T09:06:13,bike,198,954
2026-08-02T09:06:44,bike,115,955
2026-08-02T09:06:54,bike,165,956
2026-08-02T09:08:14,bike,187,957
2026-08-02T09:08:20,single,208,958
2026-08-02T09:08:45,bike,188,959
2026-08-02T09:08:55,bike,304,960
2026-08-02T09:10:34,bike,176,961
2026-08-02T09:10:37,bike,178,962
2026-08-02T09:10:39,bike,194,963
2026-08-02T09:13:28,bike,185,964
2026-08-02T09:13:44,bike,245,965
2026-08-02T09:13:46,bike,218,966
2026-08-02T09:13:58,bike,213,967
2026-08-02T09:14:13,bike,182,968
2026-08-02T09:14:26,bike,69,969
2026-08-02T09:14:26,bike,69,970
2026-08-02T09:14:27,bike,68,971
2026-08-02T09:14:27,bike,70,972
2026-08-02T09:14:27,bike,69,973
2026-08-02T09:14:27,bike,70,974
2026-08-02T09:14:28,bike,69,975
2026-08-02T09:14:28,bike,70,976
2026-08-02T09:14:28,bike,70,977
2026-08-02T09:14:29,bike,70,978
2026-08-02T09:14:29,bike,70,979
2026-08-02T09:14:29,bike,70,980
2026-08-02T09:14:29,bike,71,981
2026-08-02T09:14:30,bike,70,982
2026-08-02T09:14:30,bike,70,983
2026-08-02T09:14:30,bike,70,984
2026-08-02T09:14:31,bike,70,985
2026-08-02T09:14:31,bike,71,986
2026-08-02T09:14:31,bike,71,987
2026-08-02T09:14:31,bike,70,988
2026-08-02T09:14:32,bike,72,989
2026-08-02T09:14:32,bike,71,990
2026-08-02T09:14:32,bike,72,991
2026-08-02T09:14:33,bike,71,992
2026-08-02T09:14:33,bike,72,993
2026-08-02T09:14:33,bike,72,994
2026-08-02T09:14:34,bike,72,995
2026-08-02T09:14:34,bike,73,996
2026-08-02T09:14:35,bike,72,997
2026-08-02T09:14:35,bike,72,998
2026-08-02T09:14:36,bike,74,999
2026-08-02T09:14:36,bike,73,1000
2026-08-02T09:14:38,bike,74,1001
2026-08-02T09:14:50,bike,210,1002
2026-08-02T09:14:56,bike,212,1003
2026-08-02T09:14:57,bike,80,1004
2026-08-02T09:15:27,bike,278,1005
2026-08-02T09:15:28,bike,202,1006
2026-08-02T09:15:54,bike,189,1007
2026-08-02T09:16:47,bike,218,1008
2026-08-02T09:16:47,bike,182,1009
2026-08-02T09:17:48,bike,255,1010
2026-08-02T09:18:16,bike,280,1011
2026-08-02T09:19:12,bike,278,1012
2026-08-02T09:20:29,bike,298,1013
2026-08-02T09:20:31,bike,289,1014
2026-08-02T09:22:41,bike,291,1015
2026-08-02T09:22:56,bike,231,1016
2026-08-02T09:23:04,bike,265,1017
2026-08-02T09:23:26,bike,190,1018
2026-08-02T09:24:08,bike,202,1019
2026-08-02T09:25:07,bike,212,1020
2026-08-02T09:25:52,bike,194,1021
2026-08-02T09:26:06,bike,238,1022
2026-08-02T09:26:07,bike,232,1023
2026-08-02T09:26:08,bike,217,1024
2026-08-02T09:26:11,bike,168,1025
2026-08-02T09:26:11,bike,135,1026
2026-08-02T09:26:16,bike,308,1027
2026-08-02T09:26:18,bike,215,1028
2026-08-02T09:29:04,bike,221,1029
2026-08-02T09:31:08,bike,208,1030
2026-08-02T09:31:14,bike,224,1031
2026-08-02T09:31:15,bike,220,1032
2026-08-02T09:31:18,bike,365,1033
2026-08-02T09:31:19,bike,308,1034
2026-08-02T09:31:35,bike,335,1035
2026-08-02T09:32:09,bike,260,1036
2026-08-02T09:32:09,bike,203,1037
2026-08-02T09:32:29,bike,205,1038
2026-08-02T09:33:22,bike,222,1039
2026-08-02T09:33:22,bike,159,1040
2026-08-02T09:33:31,bike,504,1041
2026-08-02T09:33:37,bike,75,1042
2026-08-02T09:33:40,bike,74,1043
2026-08-02T09:33:42,bike,73,1044
2026-08-02T09:33:42,bike,74,1045
2026-08-02T09:33:43,bike,72,1046
2026-08-02T09:33:43,bike,72,1047
2026-08-02T09:33:44,bike,72,1048
2026-08-02T09:33:44,bike,73,1049
2026-08-02T09:33:44,bike,72,1050
2026-08-02T09:33:45,bike,73,1051
2026-08-02T09:33:45,bike,209,1052
2026-08-02T09:33:45,bike,72,1053
2026-08-02T09:33:46,bike,72,1054
2026-08-02T09:33:46,bike,72,1055
2026-08-02T09:33:47,bike,73,1056
2026-08-02T09:33:47,bike,80,1057
2026-08-02T09:33:47,bike,72,1058
2026-08-02T09:33:48,bike,72,1059
2026-08-02T09:33:48,bike,72,1060
2026-08-02T09:33:48,bike,72,1061
2026-08-02T09:33:49,bike,72,1062
2026-08-02T09:33:49,bike,72,1063
2026-08-02T09:33:49,bike,72,1064
2026-08-02T09:33:50,bike,73,1065
2026-08-02T09:33:50,bike,71,1066
2026-08-02T09:33:50,bike,72,1067
2026-08-02T09:33:51,bike,71,1068
2026-08-02T09:33:51,bike,71,1069
2026-08-02T09:33:51,bike,98,1070
2026-08-02T09:33:52,bike,70,1071
2026-08-02T09:33:52,bike,71,1072
2026-08-02T09:33:52,bike,71,1073
2026-08-02T09:33:52,bike,70,1074
2026-08-02T09:33:53,bike,70,1075
2026-08-02T09:33:53,bike,70,1076
2026-08-02T09:33:53,bike,70,1077
2026-08-02T09:33:54,bike,70,1078
2026-08-02T09:33:54,bike,70,1079
2026-08-02T09:33:54,bike,69,1080
2026-08-02T09:33:54,bike,69,1081
2026-08-02T09:33:55,bike,70,1082
2026-08-02T09:33:55,bike,69,1083
2026-08-02T09:33:56,bike,69,1084
2026-08-02T09:34:57,bike,70,1085
2026-08-02T09:35:19,bike,188,1086
2026-08-02T09:35:33,bike,218,1087
2026-08-02T09:35:47,bike,165,1088
2026-08-02T09:35:48,single,186,1089
2026-08-02T09:35:51,bike,173,1090
2026-08-02T09:35:53,bike,166,1091
2026-08-02T09:37:32,bike,248,1092
2026-08-02T09:37:32,bike,239,1093
2026-08-02T09:37:33,bike,202,1094
2026-08-02T09:37:34,bike,170,1095
2026-08-02T09:37:52,bike,173,1096
2026-08-02T09:37:52,single,173,1097
2026-08-02T09:38:27,bike,325,1098
2026-08-02T09:38:28,bike,306,1099
2026-08-02T09:38:45,bike,145,1100
2026-08-02T09:39:20,bike,158,1101
2026-08-02T09:39:22,bike,180,1102
2026-08-02T09:40:10,bike,221,1103
2026-08-02T09:40:11,single,217,1104
2026-08-02T09:41:58,bike,150,1105
2026-08-02T09:41:59,bike,156,1106
2026-08-02T09:42:28,bike,201,1107
2026-08-02T09:42:31,bike,177,1108
2026-08-02T09:42:34,bike,207,1109
2026-08-02T09:43:12,bike,163,1110
2026-08-02T09:43:21,bike,204,1111
2026-08-02T09:43:22,bike,168,1112
2026-08-02T09:43:33,bike,210,1113
2026-08-02T09:43:36,bike,175,1114
2026-08-02T09:43:55,bike,253,1115
2026-08-02T09:44:18,bike,217,1116
2026-08-02T09:44:18,bike,197,1117
2026-08-02T09:44:29,bike,244,1118
2026-08-02T09:44:33,bike,242,1119
2026-08-02T09:44:34,bike,228,1120
2026-08-02T09:44:36,bike,212,1121
2026-08-02T09:44:58,bike,188,1122
2026-08-02T09:45:33,bike,159,1123
2026-08-02T09:45:47,bike,83,1124
2026-08-02T09:45:50,bike,224,1125
2026-08-02T09:46:03,bike,145,1126
2026-08-02T09:46:04,bike,150,1127
2026-08-02T09:46:08,bike,181,1128
2026-08-02T09:46:09,single,309,1129
2026-08-02T09:46:11,bike,155,1130
2026-08-02T09:46:22,bike,154,1131
2026-08-02T09:46:23,single,214,1132
2026-08-02T09:47:39,bike,190,1133
2026-08-02T09:47:41,bike,196,1134
2026-08-02T09:47:43,bike,174,1135
2026-08-02T09:47:44,bike,151,1136
2026-08-02T09:47:46,bike,160,1137
2026-08-02T09:47:53,bike,175,1138
2026-08-02T09:48:10,bike,215,1139
2026-08-02T09:48:25,bike,176,1140
2026-08-02T09:48:47,bike,177,1141
2026-08-02T09:49:04,bike,174,1142
2026-08-02T09:49:06,bike,155,1143
2026-08-02T09:49:07,bike,222,1144
2026-08-02T09:49:33,bike,161,1145
2026-08-02T09:49:35,bike,153,1146
2026-08-02T09:50:06,bike,179,1147
2026-08-02T09:50:14,bike,156,1148
2026-08-02T09:50:15,bike,155,1149
2026-08-02T09:50:18,bike,154,1150
2026-08-02T09:50:31,bike,187,1151
2026-08-02T09:50:33,bike,166,1152
2026-08-02T09:51:27,bike,459,1153
2026-08-02T09:51:30,bike,212,1154
2026-08-02T09:51:58,bike,71,1155
2026-08-02T09:52:00,bike,71,1156
2026-08-02T09:52:00,bike,70,1157
2026-08-02T09:52:00,bike,70,1158
2026-08-02T09:52:01,bike,70,1159
2026-08-02T09:52:01,bike,70,1160
2026-08-02T09:52:01,bike,70,1161
2026-08-02T09:52:01,bike,70,1162
2026-08-02T09:52:02,bike,72,1163
2026-08-02T09:52:02,bike,72,1164
2026-08-02T09:52:02,bike,70,1165
2026-08-02T09:52:03,bike,73,1166
2026-08-02T09:52:03,bike,72,1167
2026-08-02T09:52:04,bike,73,1168
2026-08-02T09:52:04,bike,73,1169
2026-08-02T09:52:30,bike,74,1170
2026-08-02T09:52:31,bike,72,1171
2026-08-02T09:52:31,bike,72,1172
2026-08-02T09:52:31,bike,72,1173
2026-08-02T09:52:32,bike,72,1174
2026-08-02T09:52:32,bike,70,1175
2026-08-02T09:52:32,bike,72,1176
2026-08-02T09:52:33,bike,71,1177
2026-08-02T09:52:33,bike,71,1178
2026-08-02T09:52:33,bike,70,1179
2026-08-02T09:52:33,bike,71,1180
2026-08-02T09:52:34,bike,70,1181
2026-08-02T09:52:34,bike,70,1182
2026-08-02T09:52:34,bike,71,1183
2026-08-02T09:52:35,bike,70,1184
2026-08-02T09:52:35,bike,72,1185
2026-08-02T09:52:35,bike,70,1186
2026-08-02T09:52:35,bike,71,1187
2026-08-02T09:52:36,bike,72,1188
2026-08-02T09:52:36,bike,70,1189
2026-08-02T09:52:36,bike,70,1190
2026-08-02T09:52:37,bike,71,1191
2026-08-02T09:52:37,bike,71,1192
2026-08-02T09:52:37,bike,70,1193
2026-08-02T09:52:37,bike,70,1194
2026-08-02T09:52:38,bike,70,1195
2026-08-02T09:52:38,bike,70,1196
2026-08-02T09:52:38,bike,70,1197
2026-08-02T09:52:38,bike,70,1198
2026-08-02T09:52:39,bike,70,1199
2026-08-02T09:52:39,bike,71,1200
2026-08-02T09:52:39,bike,72,1201
2026-08-02T09:52:40,bike,70,1202
2026-08-02T09:52:40,bike,71,1203
2026-08-02T09:52:40,bike,71,1204
2026-08-02T09:52:40,bike,71,1205
2026-08-02T09:52:41,bike,72,1206
2026-08-02T09:52:41,bike,72,1207
2026-08-02T09:52:41,bike,72,1208
2026-08-02T09:52:42,bike,71,1209
2026-08-02T09:52:42,bike,71,1210
2026-08-02T09:52:42,bike,72,1211
2026-08-02T09:52:42,bike,72,1212
2026-08-02T09:52:43,bike,72,1213
2026-08-02T09:52:43,bike,72,1214
2026-08-02T09:52:43,bike,73,1215
2026-08-02T09:53:03,bike,249,1216
2026-08-02T09:53:06,bike,699,1217
2026-08-02T09:53:30,bike,213,1218
2026-08-02T09:55:50,bike,263,1219
2026-08-02T09:55:53,bike,246,1220
2026-08-02T09:55:58,bike,207,1221
2026-08-02T09:55:59,bike,207,1222
2026-08-02T09:57:11,bike,925,1223
2026-08-02T09:58:37,bike,265,1224
2026-08-02T10:00:33,bike,237,1225
2026-08-02T10:01:09,bike,210,1226
2026-08-02T10:01:27,bike,237,1227
2026-08-02T10:01:29,bike,312,1228
2026-08-02T10:01:33,bike,268,1229
2026-08-02T10:01:37,bike,227,1230
2026-08-02T10:01:43,bike,270,1231
2026-08-02T10:01:46,bike,390,1232
2026-08-02T10:01:47,bike,305,1233
2026-08-02T10:01:48,bike,240,1234
2026-08-02T10:02:34,bike,252,1235
2026-08-02T10:02:42,bike,246,1236
2026-08-02T10:02:59,bike,280,1237
2026-08-02T10:03:01,bike,265,1238
2026-08-02T10:03:36,bike,261,1239
2026-08-02T10:03:46,bike,290,1240
2026-08-02T10:04:09,bike,288,1241
2026-08-02T10:04:25,bike,244,1242
2026-08-02T10:05:44,bike,256,1243
2026-08-02T10:05:49,bike,284,1244
2026-08-02T10:06:35,bike,240,1245
2026-08-02T10:06:36,bike,238,1246
2026-08-02T10:06:49,bike,231,1247
2026-08-02T10:06:52,bike,262,1248
2026-08-02T10:06:59,bike,265,1249
2026-08-02T10:07:09,bike,232,1250
2026-08-02T10:07:22,bike,328,1251
2026-08-02T10:07:33,bike,234,1252
2026-08-02T10:07:35,bike,298,1253
2026-08-02T10:07:55,bike,919,1254
2026-08-02T10:07:58,bike,211,1255
2026-08-02T10:08:00,bike,213,1256
2026-08-02T10:09:03,bike,210,1257
2026-08-02T10:09:04,bike,245,1258
2026-08-02T10:09:07,bike,228,1259
2026-08-02T10:09:08,bike,291,1260
2026-08-02T10:09:50,bike,253,1261
2026-08-02T10:14:48,bike,342,1262
2026-08-02T10:14:52,bike,320,1263
2026-08-02T10:14:59,bike,524,1264
2026-08-02T10:15:01,bike,519,1265
2026-08-02T10:15:41,bike,487,1266
2026-08-02T10:17:11,bike,582,1267
2026-08-02T10:34:28,bike,521,1268
2026-08-02T10:38:18,bike,424,1269
2026-08-02T10:39:37,bike,312,1270
2026-08-02T10:40:39,bike,258,1271
2026-08-02T10:40:52,bike,457,1272
2026-08-02T10:40:53,bike,323,1273
2026-08-02T10:41:53,bike,300,1274
2026-08-02T10:43:08,bike,287,1275
2026-08-02T10:43:21,bike,325,1276
2026-08-02T10:43:59,bike,245,1277
2026-08-02T10:44:00,bike,289,1278
2026-08-02T10:48:32,bike,327,1279
2026-08-02T10:48:49,bike,307,1280
2026-08-02T10:49:00,bike,240,1281
2026-08-02T10:49:08,bike,248,1282
2026-08-02T10:49:12,bike,212,1283
2026-08-02T10:49:14,bike,261,1284
2026-08-02T10:49:17,bike,270,1285
2026-08-02T10:49:20,bike,260,1286
2026-08-02T10:49:22,bike,203,1287
2026-08-02T10:49:25,bike,221,1288
2026-08-02T10:49:28,bike,192,1289
2026-08-02T10:49:37,bike,214,1290
2026-08-02T10:49:39,bike,230,1291
2026-08-02T10:49:40,bike,223,1292
2026-08-02T10:50:01,bike,127,1293
2026-08-02T10:50:11,bike,181,1294
2026-08-02T10:50:14,bike,301,1295
2026-08-02T10:50:15,bike,295,1296
2026-08-02T10:50:26,bike,194,1297
2026-08-02T10:50:27,bike,94,1298
2026-08-02T10:50:30,bike,168,1299
2026-08-02T10:50:32,bike,191,1300
2026-08-02T10:50:37,bike,74,1301
2026-08-02T10:50:38,bike,73,1302
2026-08-02T10:50:38,bike,72,1303
2026-08-02T10:50:38,bike,72,1304
2026-08-02T10:50:38,bike,71,1305
2026-08-02T10:50:39,bike,72,1306
2026-08-02T10:50:39,bike,71,1307
2026-08-02T10:50:39,bike,70,1308
2026-08-02T10:50:40,bike,70,1309
2026-08-02T10:50:40,bike,69,1310
2026-08-02T10:50:40,bike,70,1311
2026-08-02T10:50:41,bike,70,1312
2026-08-02T10:50:41,bike,68,1313
2026-08-02T10:51:04,bike,120,1314
2026-08-02T10:51:05,bike,404,1315
2026-08-02T10:51:07,bike,313,1316
2026-08-02T10:51:25,bike,169,1317
2026-08-02T10:51:36,bike,268,1318
2026-08-02T10:51:39,bike,187,1319
2026-08-02T10:51:40,bike,204,1320
2026-08-02T10:51:41,bike,169,1321
2026-08-02T10:51:42,bike,150,1322
2026-08-02T10:52:16,bike,150,1323
2026-08-02T10:52:29,bike,180,1324
2026-08-02T10:52:31,bike,194,1325
2026-08-02T10:52:35,bike,240,1326
2026-08-02T10:53:09,bike,132,1327
2026-08-02T10:53:17,bike,169,1328
2026-08-02T10:53:21,bike,211,1329
2026-08-02T10:53:42,bike,544,1330
2026-08-02T10:53:48,bike,195,1331
2026-08-02T10:53:51,bike,183,1332
2026-08-02T10:54:05,bike,185,1333
2026-08-02T10:54:12,single,200,1334
2026-08-02T10:55:00,bike,155,1335
2026-08-02T10:55:02,bike,212,1336
2026-08-02T10:55:13,bike,248,1337
2026-08-02T10:55:56,bike,128,1338
2026-08-02T10:56:00,bike,155,1339
2026-08-02T10:56:03,bike,128,1340
2026-08-02T10:56:04,bike,132,1341
2026-08-02T10:56:17,bike,119,1342
2026-08-02T10:56:28,bike,339,1343
2026-08-02T10:56:30,bike,402,1344
2026-08-02T10:56:31,bike,245,1345
2026-08-02T10:57:14,bike,83,1346
2026-08-02T10:57:23,bike,186,1347
2026-08-02T10:57:23,single,171,1348
2026-08-02T10:57:50,bike,99,1349
2026-08-02T10:57:51,bike,106,1350
2026-08-02T10:57:52,single,123,1351
2026-08-02T10:57:59,bike,134,1352
2026-08-02T10:58:00,bike,125,1353
2026-08-02T10:58:16,single,142,1354
2026-08-02T10:58:31,bike,120,1355
2026-08-02T10:58:47,bike,92,1356
2026-08-02T10:59:32,single,113,1357
2026-08-02T10:59:51,single,185,1358
2026-08-02T10:59:54,single,83,1359
2026-08-02T10:59:55,single,88,1360
2026-08-02T11:00:06,bike,82,1361
2026-08-02T11:00:22,bike,138,1362
2026-08-02T11:00:23,bike,137,1363
2026-08-02T11:00:24,bike,134,1364
2026-08-02T11:00:45,single,97,1365
2026-08-02T11:00:54,bike,124,1366
2026-08-02T11:01:05,bike,108,1367
2026-08-02T11:01:20,bike,116,1368
2026-08-02T11:02:12,bike,78,1369
2026-08-02T11:02:12,bike,92,1370
2026-08-02T11:02:13,bike,98,1371
2026-08-02T11:02:13,bike,100,1372
2026-08-02T11:02:43,bike,125,1373
2026-08-02T11:02:45,single,78,1374
2026-08-02T11:02:47,single,90,1375
2026-08-02T11:02:47,bike,141,1376
2026-08-02T11:04:01,bike,153,1377
2026-08-02T11:04:02,bike,142,1378
2026-08-02T11:04:11,single,89,1379
2026-08-02T11:04:11,bike,109,1380
2026-08-02T11:04:28,bike,133,1381
2026-08-02T11:05:11,bike,162,1382
2026-08-02T11:05:12,single,131,1383
2026-08-02T11:05:26,bike,78,1384
2026-08-02T11:05:27,single,97,1385
2026-08-02T11:05:33,bike,117,1386
2026-08-02T11:05:35,bike,156,1387
2026-08-02T11:05:35,bike,167,1388
2026-08-02T11:05:38,bike,99,1389
2026-08-02T11:05:41,bike,133,1390
2026-08-02T11:05:55,bike,118,1391
2026-08-02T11:06:28,bike,167,1392
2026-08-02T11:06:31,bike,172,1393
2026-08-02T11:06:55,bike,216,1394
2026-08-02T11:06:56,bike,213,1395
2026-08-02T11:06:57,bike,136,1396
2026-08-02T11:06:57,bike,140,1397
2026-08-02T11:06:58,bike,112,1398
2026-08-02T11:06:59,bike,124,1399
2026-08-02T11:07:14,bike,69,1400
2026-08-02T11:07:15,bike,70,1401
2026-08-02T11:07:15,bike,71,1402
2026-08-02T11:20:04,bike,386,1403
2026-08-02T11:20:24,bike,277,1404
2026-08-02T11:20:28,bike,282,1405
2026-08-02T11:20:30,bike,279,1406
2026-08-02T11:20:31,bike,272,1407
2026-08-02T11:20:33,bike,281,1408
2026-08-02T11:20:34,bike,231,1409
2026-08-02T11:20:38,bike,297,1410
2026-08-02T11:20:39,bike,310,1411
2026-08-02T11:21:37,bike,195,1412
2026-08-02T11:21:56,bike,300,1413
2026-08-02T11:21:57,bike,217,1414
2026-08-02T11:21:58,bike,255,1415
2026-08-02T11:22:08,bike,223,1416
2026-08-02T11:22:31,bike,188,1417
2026-08-02T11:22:51,bike,310,1418
2026-08-02T11:22:53,bike,218,1419
2026-08-02T11:23:01,bike,74,1420
2026-08-02T11:23:02,bike,72,1421
2026-08-02T11:23:02,bike,72,1422
2026-08-02T11:23:02,bike,72,1423
2026-08-02T11:23:03,bike,72,1424
2026-08-02T11:23:03,bike,71,1425
2026-08-02T11:23:03,bike,72,1426
2026-08-02T11:23:04,bike,72,1427
2026-08-02T11:23:04,bike,71,1428
2026-08-02T11:23:04,bike,70,1429
2026-08-02T11:23:05,bike,71,1430
2026-08-02T11:23:05,bike,71,1431
2026-08-02T11:23:05,bike,70,1432
2026-08-02T11:23:05,bike,70,1433
2026-08-02T11:23:06,bike,72,1434
2026-08-02T11:23:06,bike,70,1435
2026-08-02T11:23:06,bike,71,1436
2026-08-02T11:23:06,bike,69,1437
2026-08-02T11:23:07,bike,70,1438
2026-08-02T11:23:07,bike,70,1439
2026-08-02T11:23:07,bike,70,1440
2026-08-02T11:23:08,bike,69,1441
2026-08-02T11:23:08,bike,70,1442
2026-08-02T11:23:08,bike,70,1443
2026-08-02T11:23:09,bike,70,1444
2026-08-02T11:23:20,bike,197,1445
2026-08-02T11:23:21,bike,197,1446
2026-08-02T11:23:24,bike,185,1447
2026-08-02T11:23:26,bike,272,1448
2026-08-02T11:23:33,bike,220,1449
2026-08-02T11:23:52,bike,217,1450
2026-08-02T11:24:03,bike,128,1451
2026-08-02T11:24:04,bike,178,1452
2026-08-02T11:24:06,bike,160,1453
2026-08-02T11:24:12,bike,99,1454
2026-08-02T11:24:14,bike,146,1455
2026-08-02T11:24:16,single,134,1456
2026-08-02T11:24:17,single,146,1457
2026-08-02T11:25:05,bike,203,1458
2026-08-02T11:25:24,bike,143,1459
2026-08-02T11:25:25,bike,162,1460
2026-08-02T11:25:27,bike,162,1461
2026-08-02T11:26:30,bike,133,1462
2026-08-02T11:27:31,bike,144,1463
2026-08-02T11:27:32,bike,146,1464
2026-08-02T11:27:39,bike,126,1465
2026-08-02T11:27:52,bike,152,1466
2026-08-02T11:27:52,bike,133,1467
2026-08-02T11:27:58,bike,199,1468
2026-08-02T11:28:18,bike,113,1469
2026-08-02T11:28:22,bike,77,1470
2026-08-02T11:28:22,bike,86,1471
2026-08-02T11:28:23,single,67,1472
2026-08-02T11:28:24,single,135,1473
2026-08-02T11:28:39,single,81,1474
2026-08-02T11:28:40,bike,121,1475
2026-08-02T11:28:43,bike,115,1476
2026-08-02T11:28:44,bike,111,1477
2026-08-02T11:28:57,single,67,1478
2026-08-02T11:28:59,single,100,1479
2026-08-02T11:29:18,bike,94,1480
2026-08-02T11:29:19,single,108,1481
2026-08-02T11:29:53,bike,80,1482
2026-08-02T11:30:08,single,102,1483
2026-08-02T11:30:28,single,70,1484
2026-08-02T11:31:12,bike,112,1485
2026-08-02T11:32:28,single,112,1486
2026-08-02T11:32:36,single,97,1487
2026-08-02T11:32:44,bike,122,1488
2026-08-02T11:32:45,single,385,1489
2026-08-02T11:33:26,bike,177,1490
2026-08-02T11:33:29,single,174,1491
2026-08-02T11:35:46,single,107,1492
2026-08-02T11:36:04,single,93,1493
2026-08-02T11:36:13,bike,126,1494
2026-08-02T11:36:14,single,124,1495
2026-08-02T11:36:16,single,117,1496
2026-08-02T11:38:47,single,118,1497
2026-08-02T11:38:54,single,83,1498
2026-08-02T11:39:15,bike,118,1499
2026-08-02T11:41:16,bike,104,1500
2026-08-02T11:41:49,single,99,1501
2026-08-02T11:42:29,single,123,1502
2026-08-02T11:42:34,single,118,1503
2026-08-02T11:42:57,single,112,1504
2026-08-02T11:44:10,single,145,1505
2026-08-02T11:44:16,single,97,1506
2026-08-02T11:44:23,single,80,1507
2026-08-02T11:46:18,single,81,1508
2026-08-02T11:46:19,single,85,1509
2026-08-02T11:47:26,single,100,1510
2026-08-02T11:47:33,single,109,1511
2026-08-02T11:52:37,single,106,1512
2026-08-02T11:52:41,bike,175,1513
2026-08-02T11:52:43,bike,138,1514
2026-08-02T11:53:44,single,220,1515
2026-08-02T11:54:46,single,75,1516
2026-08-02T11:56:50,bike,86,1517
2026-08-02T11:56:57,bike,185,1518
2026-08-02T11:57:42,bike,78,1519
2026-08-02T11:58:07,bike,150,1520
2026-08-02T11:58:25,single,92,1521
2026-08-02T11:59:25,bike,114,1522
2026-08-02T12:00:34,single,259,1523
2026-08-02T12:01:17,single,81,1524
2026-08-02T12:03:23,single,103,1525
2026-08-02T12:03:24,bike,138,1526
2026-08-02T12:03:42,single,94,1527
2026-08-02T12:04:20,bike,112,1528
2026-08-02T12:05:56,single,86,1529
2026-08-02T12:06:21,single,176,1530
2026-08-02T12:07:52,bike,245,1531
2026-08-02T12:07:55,bike,167,1532
2026-08-02T12:07:58,bike,208,1533
2026-08-02T12:10:47,bike,191,1534
2026-08-02T12:11:21,single,90,1535
2026-08-02T12:11:23,single,118,1536
2026-08-02T12:12:22,single,86,1537
2026-08-02T12:12:28,bike,89,1538
2026-08-02T12:13:20,single,109,1539
2026-08-02T12:14:27,bike,120,1540
2026-08-02T12:17:48,single,88,1541
2026-08-02T12:18:43,single,80,1542
2026-08-02T12:18:44,single,79,1543
2026-08-02T12:18:45,single,80,1544
2026-08-02T12:18:49,bike,169,1545
2026-08-02T12:18:51,single,78,1546
2026-08-02T12:18:56,bike,116,1547
2026-08-02T12:19:44,bike,140,1548
2026-08-02T12:21:55,bike,102,1549
2026-08-02T12:21:58,single,85,1550
2026-08-02T12:23:19,bike,143,1551
2026-08-02T12:23:20,bike,92,1552
2026-08-02T12:23:55,single,90,1553
2026-08-02T12:24:12,bike,116,1554
2026-08-02T12:24:13,bike,117,1555
2026-08-02T12:24:16,single,109,1556
2026-08-02T12:24:24,single,99,1557
2026-08-02T12:24:26,bike,152,1558
2026-08-02T12:24:55,bike,135,1559
2026-08-02T12:25:04,bike,198,1560
2026-08-02T12:26:40,bike,161,1561
2026-08-02T12:26:42,bike,168,1562
2026-08-02T12:26:50,single,87,1563
2026-08-02T12:27:08,single,96,1564
2026-08-02T12:27:39,bike,136,1565
2026-08-02T12:28:08,bike,144,1566
2026-08-02T12:29:22,bike,122,1567
2026-08-02T12:29:30,single,110,1568
2026-08-02T12:29:39,single,143,1569
2026-08-02T12:29:50,bike,124,1570
2026-08-02T12:29:51,single,84,1571
2026-08-02T12:29:59,bike,124,1572
2026-08-02T12:30:00,single,120,1573
2026-08-02T12:30:01,bike,98,1574
2026-08-02T12:30:43,single,105,1575
2026-08-02T12:31:21,bike,166,1576
2026-08-02T12:31:22,bike,177,1577
2026-08-02T12:31:23,bike,163,1578
2026-08-02T12:31:31,single,108,1579
2026-08-02T12:32:00,bike,110,1580
2026-08-02T12:32:58,single,79,1581
2026-08-02T12:33:03,single,66,1582
2026-08-02T12:33:41,bike,161,1583
2026-08-02T12:33:42,bike,230,1584
2026-08-02T12:34:09,bike,107,1585
2026-08-02T12:34:47,single,194,1586
2026-08-02T12:34:50,single,116,1587
2026-08-02T12:35:37,single,95,1588
2026-08-02T12:35:43,bike,164,1589
2026-08-02T12:35:46,bike,119,1590
2026-08-02T12:35:53,bike,136,1591
2026-08-02T12:35:55,single,125,1592
2026-08-02T12:36:29,bike,98,1593
2026-08-02T12:38:10,single,90,1594
2026-08-02T12:38:29,single,93,1595
2026-08-02T12:39:54,bike,79,1596
2026-08-02T12:41:24,bike,91,1597
2026-08-02T12:41:26,single,136,1598
2026-08-02T12:42:45,bike,111,1599
2026-08-02T12:42:46,single,94,1600
2026-08-02T12:43:22,bike,184,1601
2026-08-02T12:43:29,bike,158,1602
2026-08-02T12:43:32,single,117,1603
2026-08-02T12:44:08,single,113,1604
2026-08-02T12:44:17,single,90,1605
2026-08-02T12:44:22,single,107,1606
2026-08-02T12:44:38,bike,112,1607
2026-08-02T12:44:40,bike,149,1608
2026-08-02T12:44:58,single,83,1609
2026-08-02T12:44:59,single,104,1610
2026-08-02T12:45:38,bike,99,1611
2026-08-02T12:45:38,bike,139,1612
2026-08-02T12:45:45,single,67,1613
2026-08-02T12:46:02,single,93,1614
2026-08-02T12:46:05,single,90,1615
2026-08-02T12:46:10,single,110,1616
2026-08-02T12:47:25,bike,110,1617
2026-08-02T12:48:21,bike,154,1618
2026-08-02T12:48:40,bike,84,1619
2026-08-02T12:48:44,single,72,1620
2026-08-02T12:49:58,bike,188,1621
2026-08-02T12:50:35,single,66,1622
2026-08-02T12:50:36,single,134,1623
2026-08-02T12:52:22,single,86,1624
2026-08-02T12:52:40,bike,438,1625
2026-08-02T12:54:00,bike,137,1626
2026-08-02T12:54:30,bike,92,1627
2026-08-02T12:54:31,bike,96,1628
2026-08-02T12:55:06,bike,125,1629
2026-08-02T12:55:07,bike,113,1630
2026-08-02T12:55:09,single,100,1631
2026-08-02T12:55:16,single,114,1632
2026-08-02T12:55:17,single,108,1633
2026-08-02T12:55:29,bike,120,1634
2026-08-02T12:56:56,single,94,1635
2026-08-02T12:57:26,single,76,1636
2026-08-02T12:57:45,single,80,1637
2026-08-02T12:58:05,bike,135,1638
2026-08-02T12:58:30,bike,116,1639
2026-08-02T12:58:30,single,118,1640
2026-08-02T12:58:34,single,137,1641
2026-08-02T12:59:07,bike,114,1642
2026-08-02T12:59:13,bike,112,1643
2026-08-02T12:59:16,bike,139,1644
2026-08-02T13:00:13,bike,104,1645
2026-08-02T13:01:24,bike,99,1646
2026-08-02T13:01:38,bike,240,1647
2026-08-02T13:01:39,bike,234,1648
2026-08-02T13:01:41,bike,124,1649
2026-08-02T13:01:42,bike,148,1650
2026-08-02T13:01:54,bike,98,1651
2026-08-02T13:02:17,single,90,1652
2026-08-02T13:02:20,bike,85,1653
2026-08-02T13:02:27,single,81,1654
2026-08-02T13:02:28,single,77,1655
2026-08-02T13:03:40,bike,106,1656
2026-08-02T13:03:41,single,101,1657
2026-08-02T13:03:44,single,83,1658
2026-08-02T13:05:41,bike,144,1659
2026-08-02T13:05:46,bike,214,1660
2026-08-02T13:06:08,bike,121,1661
2026-08-02T13:06:16,bike,108,1662
2026-08-02T13:06:19,bike,134,1663
2026-08-02T13:06:19,bike,131,1664
2026-08-02T13:07:01,bike,107,1665
2026-08-02T13:07:45,single,74,1666
2026-08-02T13:07:49,bike,108,1667
2026-08-02T13:07:50,bike,102,1668
2026-08-02T13:07:50,single,132,1669
2026-08-02T13:07:52,bike,89,1670
2026-08-02T13:09:18,bike,126,1671
2026-08-02T13:10:17,bike,244,1672
2026-08-02T13:10:20,bike,224,1673
2026-08-02T13:11:38,single,66,1674
2026-08-02T13:12:22,single,202,1675
2026-08-02T13:13:02,bike,190,1676
2026-08-02T13:13:02,bike,145,1677
2026-08-02T13:13:05,bike,87,1678
2026-08-02T13:13:07,bike,94,1679
2026-08-02T13:13:14,bike,119,1680
2026-08-02T13:13:18,single,105,1681
2026-08-02T13:13:42,bike,204,1682
2026-08-02T13:13:45,bike,168,1683
2026-08-02T13:13:51,bike,156,1684
2026-08-02T13:13:55,bike,121,1685
2026-08-02T13:13:56,single,86,1686
2026-08-02T13:14:27,bike,95,1687
2026-08-02T13:14:30,bike,88,1688
2026-08-02T13:14:54,bike,76,1689
2026-08-02T13:14:55,bike,72,1690
2026-08-02T13:14:56,bike,80,1691
2026-08-02T13:15:07,bike,148,1692
2026-08-02T13:15:12,bike,104,1693
2026-08-02T13:15:35,bike,141,1694
2026-08-02T13:16:24,single,72,1695
2026-08-02T13:16:53,bike,110,1696
2026-08-02T13:16:54,bike,126,1697
2026-08-02T13:16:57,single,89,1698
2026-08-02T13:16:59,bike,112,1699
2026-08-02T13:17:01,bike,77,1700
2026-08-02T13:18:17,bike,206,1701
2026-08-02T13:18:23,bike,138,1702
2026-08-02T13:19:01,bike,124,1703
2026-08-02T13:20:07,bike,144,1704
2026-08-02T13:20:43,bike,170,1705
2026-08-02T13:20:51,bike,359,1706
2026-08-02T13:21:32,bike,106,1707
2026-08-02T13:21:58,bike,155,1708
2026-08-02T13:22:19,bike,188,1709
2026-08-02T13:22:22,bike,180,1710
2026-08-02T13:23:00,bike,159,1711
2026-08-02T13:23:04,bike,155,1712
2026-08-02T13:23:05,bike,145,1713
2026-08-02T13:23:12,bike,118,1714
2026-08-02T13:23:41,bike,154,1715
2026-08-02T13:24:07,bike,150,1716
2026-08-02T13:24:07,single,118,1717
2026-08-02T13:24:17,bike,127,1718
2026-08-02T13:24:18,single,159,1719
2026-08-02T13:24:28,bike,173,1720
2026-08-02T13:24:29,bike,138,1721
2026-08-02T13:24:50,bike,124,1722
2026-08-02T13:24:53,bike,115,1723
2026-08-02T13:25:46,bike,152,1724
2026-08-02T13:26:52,bike,224,1725
2026-08-02T13:27:05,bike,78,1726
2026-08-02T13:27:06,single,173,1727
2026-08-02T13:27:33,bike,130,1728
2026-08-02T13:27:57,single,84,1729
2026-08-02T13:28:20,bike,80,1730
2026-08-02T13:28:20,bike,115,1731
2026-08-02T13:28:21,bike,131,1732
2026-08-02T13:28:25,single,82,1733
2026-08-02T13:28:26,single,66,1734
2026-08-02T13:28:40,bike,122,1735
2026-08-02T13:29:25,bike,158,1736
2026-08-02T13:29:40,bike,162,1737
2026-08-02T13:29:42,bike,117,1738
2026-08-02T13:29:42,bike,114,1739
2026-08-02T13:30:09,bike,135,1740
2026-08-02T13:30:35,single,92,1741
2026-08-02T13:31:03,single,81,1742
2026-08-02T13:31:03,single,78,1743
2026-08-02T13:31:07,bike,159,1744
2026-08-02T13:31:08,bike,146,1745
2026-08-02T13:31:23,bike,394,1746
2026-08-02T13:31:25,bike,192,1747
2026-08-02T13:31:53,bike,138,1748
2026-08-02T13:32:19,single,200,1749
2026-08-02T13:33:16,bike,148,1750
2026-08-02T13:33:17,bike,152,1751
2026-08-02T13:33:34,single,86,1752
2026-08-02T13:33:38,single,84,1753
2026-08-02T13:33:41,bike,98,1754
2026-08-02T13:33:45,bike,89,1755
2026-08-02T13:33:52,bike,124,1756
2026-08-02T13:34:04,bike,100,1757
2026-08-02T13:35:25,bike,135,1758
2026-08-02T13:36:16,bike,191,1759
2026-08-02T13:36:18,single,163,1760
2026-08-02T13:37:24,bike,103,1761
2026-08-02T13:38:00,bike,96,1762
2026-08-02T13:38:04,bike,108,1763
2026-08-02T13:38:05,single,133,1764
2026-08-02T13:38:42,bike,116,1765
2026-08-02T13:39:14,bike,115,1766
2026-08-02T13:39:20,bike,176,1767
2026-08-02T13:39:22,bike,147,1768
2026-08-02T13:39:57,bike,132,1769
2026-08-02T13:40:20,bike,161,1770
2026-08-02T13:40:21,bike,132,1771
2026-08-02T13:41:48,bike,121,1772
2026-08-02T13:41:48,bike,149,1773
2026-08-02T13:42:49,bike,198,1774
2026-08-02T13:42:50,bike,194,1775
2026-08-02T13:43:53,bike,109,1776
2026-08-02T13:44:25,bike,149,1777
2026-08-02T13:44:28,bike,228,1778
2026-08-02T13:44:29,bike,148,1779
2026-08-02T13:45:00,bike,122,1780
2026-08-02T13:45:01,bike,145,1781
2026-08-02T13:45:11,bike,217,1782
2026-08-02T13:45:28,bike,144,1783
2026-08-02T13:46:19,bike,158,1784
2026-08-02T13:46:20,single,155,1785
2026-08-02T13:46:45,bike,117,1786
2026-08-02T13:46:45,bike,179,1787
2026-08-02T13:46:46,single,213,1788
2026-08-02T13:46:47,bike,118,1789
2026-08-02T13:46:48,single,151,1790
2026-08-02T13:47:06,bike,153,1791
2026-08-02T13:47:30,bike,909,1792
2026-08-02T13:47:34,bike,149,1793
2026-08-02T13:47:46,bike,166,1794
2026-08-02T13:47:50,bike,138,1795
2026-08-02T13:47:50,bike,108,1796
2026-08-02T13:47:51,single,135,1797
2026-08-02T13:48:33,bike,127,1798
2026-08-02T13:48:50,bike,186,1799
2026-08-02T13:49:06,bike,136,1800
2026-08-02T13:49:08,bike,264,1801
2026-08-02T13:49:13,bike,361,1802
2026-08-02T13:49:15,bike,78,1803
2026-08-02T13:49:16,bike,188,1804
2026-08-02T13:49:55,bike,87,1805
2026-08-02T13:49:56,bike,94,1806
2026-08-02T13:49:56,single,116,1807
2026-08-02T13:50:12,bike,109,1808
2026-08-02T13:50:13,bike,157,1809
2026-08-02T13:50:15,bike,106,1810
2026-08-02T13:50:17,single,244,1811
2026-08-02T13:50:18,bike,118,1812
2026-08-02T13:51:22,bike,158,1813
2026-08-02T13:51:22,bike,141,1814
2026-08-02T13:52:22,bike,117,1815
2026-08-02T13:52:23,bike,95,1816
2026-08-02T13:52:27,bike,138,1817
2026-08-02T13:54:12,bike,136,1818
2026-08-02T13:54:39,bike,113,1819
2026-08-02T13:54:41,bike,212,1820
2026-08-02T13:55:15,bike,179,1821
2026-08-02T13:56:07,bike,156,1822
2026-08-02T13:56:41,bike,133,1823
2026-08-02T13:56:42,bike,169,1824
2026-08-02T13:56:43,bike,248,1825
2026-08-02T13:56:44,bike,186,1826
2026-08-02T13:56:46,bike,162,1827
2026-08-02T13:57:34,bike,161,1828
2026-08-02T13:57:41,single,158,1829
2026-08-02T13:58:02,bike,132,1830
2026-08-02T13:58:03,bike,104,1831
2026-08-02T13:58:39,bike,134,1832
2026-08-02T13:58:45,bike,137,1833
2026-08-02T13:59:30,bike,115,1834
2026-08-02T13:59:31,bike,95,1835
2026-08-02T14:00:16,bike,143,1836
2026-08-02T14:01:05,bike,94,1837
2026-08-02T14:01:06,bike,95,1838
2026-08-02T14:02:05,bike,133,1839
2026-08-02T14:02:10,bike,182,1840
2026-08-02T14:02:47,bike,136,1841
2026-08-02T14:02:48,bike,159,1842
2026-08-02T14:02:56,bike,109,1843
2026-08-02T14:02:58,bike,94,1844
2026-08-02T14:03:02,bike,108,1845
2026-08-02T14:03:05,bike,127,1846
2026-08-02T14:03:20,bike,97,1847
2026-08-02T14:03:21,bike,99,1848
2026-08-02T14:03:22,bike,144,1849
2026-08-02T14:03:29,bike,136,1850
2026-08-02T14:03:32,bike,170,1851
2026-08-02T14:04:13,bike,129,1852
2026-08-02T14:04:13,bike,154,1853
2026-08-02T14:04:21,single,194,1854
2026-08-02T14:04:50,bike,177,1855
2026-08-02T14:05:09,bike,110,1856
2026-08-02T14:05:31,bike,163,1857
2026-08-02T14:06:43,bike,148,1858
2026-08-02T14:07:29,bike,136,1859
2026-08-02T14:07:52,bike,90,1860
2026-08-02T14:08:25,bike,163,1861
2026-08-02T14:08:31,single,416,1862
2026-08-02T14:08:57,bike,171,1863
2026-08-02T14:09:28,bike,205,1864
2026-08-02T14:09:29,bike,218,1865
2026-08-02T14:11:07,bike,170,1866
2026-08-02T14:11:08,bike,214,1867
2026-08-02T14:11:24,bike,114,1868
2026-08-02T14:11:55,bike,188,1869
2026-08-02T14:12:31,bike,109,1870
2026-08-02T14:12:33,bike,116,1871
2026-08-02T14:12:55,bike,805,1872
2026-08-02T14:13:38,bike,72,1873
2026-08-02T14:13:39,single,137,1874
2026-08-02T14:14:19,bike,155,1875
2026-08-02T14:14:42,bike,154,1876
2026-08-02T14:14:50,bike,162,1877
2026-08-02T14:14:51,bike,122,1878
2026-08-02T14:14:51,bike,171,1879
2026-08-02T14:14:59,bike,194,1880
2026-08-02T14:15:00,single,154,1881
2026-08-02T14:15:48,bike,156,1882
2026-08-02T14:15:50,bike,175,1883
2026-08-02T14:16:35,single,184,1884
2026-08-02T14:17:11,bike,212,1885
2026-08-02T14:17:13,bike,135,1886
2026-08-02T14:17:17,bike,99,1887
2026-08-02T14:17:18,bike,142,1888
2026-08-02T14:17:18,bike,114,1889
2026-08-02T14:17:20,bike,102,1890
2026-08-02T14:17:26,bike,301,1891
2026-08-02T14:17:44,bike,124,1892
2026-08-02T14:17:47,bike,145,1893
2026-08-02T14:17:49,bike,140,1894
2026-08-02T14:18:03,bike,128,1895
2026-08-02T14:18:10,bike,113,1896
2026-08-02T14:18:11,single,104,1897
2026-08-02T14:20:39,bike,150,1898
2026-08-02T14:20:41,bike,135,1899
2026-08-02T14:20:44,bike,146,1900
2026-08-02T14:20:45,bike,136,1901
2026-08-02T14:21:00,bike,140,1902
2026-08-02T14:21:14,bike,151,1903
2026-08-02T14:21:15,bike,141,1904
2026-08-02T14:21:17,bike,120,1905
2026-08-02T14:21:47,bike,232,1906
2026-08-02T14:21:47,bike,219,1907
2026-08-02T14:21:49,bike,119,1908
2026-08-02T14:21:51,bike,120,1909
2026-08-02T14:21:53,bike,189,1910
2026-08-02T14:22:08,bike,151,1911
2026-08-02T14:22:09,single,123,1912
2026-08-02T14:22:57,bike,124,1913
2026-08-02T14:23:36,bike,219,1914
2026-08-02T14:23:36,bike,168,1915
2026-08-02T14:23:51,bike,177,1916
2026-08-02T14:24:31,bike,141,1917
2026-08-02T14:24:32,bike,140,1918
2026-08-02T14:24:57,bike,146,1919
2026-08-02T14:25:04,bike,204,1920
2026-08-02T14:25:07,bike,131,1921
2026-08-02T14:26:33,bike,196,1922
2026-08-02T14:26:46,bike,137,1923
2026-08-02T14:27:10,bike,170,1924
2026-08-02T14:27:11,bike,185,1925
2026-08-02T14:27:31,bike,130,1926
2026-08-02T14:28:24,bike,182,1927
2026-08-02T14:29:17,bike,117,1928
2026-08-02T14:29:18,bike,168,1929
2026-08-02T14:29:21,bike,140,1930
2026-08-02T14:29:50,bike,188,1931
2026-08-02T14:29:53,bike,142,1932
2026-08-02T14:30:11,bike,176,1933
2026-08-02T14:30:12,bike,160,1934
2026-08-02T14:31:05,bike,203,1935
2026-08-02T14:31:06,single,164,1936
2026-08-02T14:31:06,bike,181,1937
2026-08-02T14:32:23,bike,164,1938
2026-08-02T14:32:43,bike,188,1939
2026-08-02T14:33:12,bike,150,1940
2026-08-02T14:33:47,bike,141,1941
2026-08-02T14:33:49,bike,153,1942
2026-08-02T14:34:49,bike,109,1943
2026-08-02T14:35:19,bike,154,1944
2026-08-02T14:35:26,bike,246,1945
2026-08-02T14:36:17,bike,141,1946
2026-08-02T14:36:20,bike,134,1947
2026-08-02T14:36:32,bike,317,1948
2026-08-02T14:36:41,bike,294,1949
2026-08-02T14:37:26,bike,206,1950
2026-08-02T14:37:27,bike,218,1951
2026-08-02T14:37:29,bike,191,1952
2026-08-02T14:38:21,bike,167,1953
2026-08-02T14:39:54,bike,159,1954
2026-08-02T14:39:57,bike,168,1955
2026-08-02T14:40:16,bike,238,1956
2026-08-02T14:40:18,bike,240,1957
2026-08-02T14:40:31,bike,159,1958
2026-08-02T14:43:15,bike,209,1959
2026-08-02T14:43:53,bike,181,1960
2026-08-02T14:44:58,bike,190,1961
2026-08-02T14:45:07,bike,324,1962
2026-08-02T14:45:16,bike,183,1963
2026-08-02T14:45:18,bike,149,1964
2026-08-02T14:45:25,bike,178,1965
2026-08-02T14:46:11,single,196,1966
2026-08-02T14:46:29,bike,155,1967
2026-08-02T14:46:33,bike,178,1968
2026-08-02T14:46:56,bike,202,1969
2026-08-02T14:47:02,single,213,1970
2026-08-02T14:47:21,bike,185,1971
2026-08-02T14:47:24,bike,162,1972
2026-08-02T14:47:26,bike,182,1973
2026-08-02T14:47:26,single,66,1974
2026-08-02T14:47:40,bike,70,1975
2026-08-02T14:47:48,bike,222,1976
2026-08-02T14:47:49,bike,76,1977
2026-08-02T14:47:50,single,66,1978
2026-08-02T14:48:19,bike,196,1979
2026-08-02T14:48:20,single,66,1980
2026-08-02T14:49:15,bike,69,1981
2026-08-02T14:49:16,bike,69,1982
2026-08-02T14:49:16,bike,69,1983
2026-08-02T14:49:16,bike,69,1984
2026-08-02T14:49:17,bike,70,1985
2026-08-02T14:49:17,bike,205,1986
2026-08-02T14:49:18,bike,72,1987
2026-08-02T14:49:18,bike,69,1988
2026-08-02T14:49:19,bike,69,1989
2026-08-02T14:49:19,bike,69,1990
2026-08-02T14:49:20,bike,69,1991
2026-08-02T14:49:20,bike,68,1992
2026-08-02T14:49:20,bike,69,1993
2026-08-02T14:49:21,bike,68,1994
2026-08-02T14:49:21,bike,70,1995
2026-08-02T14:49:22,bike,69,1996
2026-08-02T14:49:22,bike,68,1997
2026-08-02T14:49:22,bike,69,1998
2026-08-02T14:49:23,bike,69,1999
2026-08-02T14:49:23,bike,69,2000
2026-08-02T14:49:23,bike,69,2001
2026-08-02T14:49:24,bike,70,2002
2026-08-02T14:49:24,bike,70,2003
2026-08-02T14:49:24,bike,70,2004
2026-08-02T14:49:24,bike,70,2005
2026-08-02T14:49:25,bike,69,2006
2026-08-02T14:49:25,bike,70,2007
2026-08-02T14:49:25,bike,69,2008
2026-08-02T14:49:26,bike,68,2009
2026-08-02T14:49:26,bike,70,2010
2026-08-02T14:49:26,bike,70,2011
2026-08-02T14:49:27,bike,70,2012
2026-08-02T14:49:27,bike,69,2013
2026-08-02T14:49:27,bike,70,2014
2026-08-02T14:49:28,bike,69,2015
2026-08-02T14:49:28,bike,69,2016
2026-08-02T14:49:28,bike,70,2017
2026-08-02T14:49:29,bike,70,2018
2026-08-02T14:49:29,bike,69,2019
2026-08-02T14:49:29,bike,69,2020
2026-08-02T14:49:29,bike,69,2021
2026-08-02T14:49:30,bike,69,2022
2026-08-02T14:49:30,bike,70,2023
2026-08-02T14:49:30,bike,70,2024
2026-08-02T14:49:31,bike,69,2025
2026-08-02T14:49:31,bike,70,2026
2026-08-02T14:49:31,bike,69,2027
2026-08-02T14:49:32,bike,69,2028
2026-08-02T14:49:32,bike,70,2029
2026-08-02T14:49:32,bike,70,2030
2026-08-02T14:49:32,bike,69,2031
2026-08-02T14:49:33,bike,69,2032
2026-08-02T14:49:33,bike,68,2033
2026-08-02T14:49:33,bike,70,2034
2026-08-02T14:49:34,bike,68,2035
2026-08-02T14:49:34,bike,69,2036
2026-08-02T14:49:34,bike,69,2037
2026-08-02T14:49:35,bike,69,2038
2026-08-02T14:49:45,bike,70,2039
2026-08-02T14:49:45,bike,73,2040
2026-08-02T14:49:46,bike,74,2041
2026-08-02T14:50:03,bike,69,2042
2026-08-02T14:50:04,bike,69,2043
2026-08-02T14:50:04,bike,68,2044
2026-08-02T14:50:05,bike,69,2045
2026-08-02T14:50:05,bike,70,2046
2026-08-02T14:50:06,bike,70,2047
2026-08-02T14:50:06,bike,70,2048
2026-08-02T14:50:06,bike,69,2049
2026-08-02T14:50:07,bike,71,2050
2026-08-02T14:50:07,bike,68,2051
2026-08-02T14:50:07,bike,70,2052
2026-08-02T14:50:08,bike,70,2053
2026-08-02T14:50:08,bike,70,2054
2026-08-02T14:50:08,bike,70,2055
2026-08-02T14:50:08,bike,70,2056
2026-08-02T14:50:09,bike,70,2057
2026-08-02T14:50:09,bike,70,2058
2026-08-02T14:50:09,bike,69,2059
2026-08-02T14:50:10,bike,70,2060
2026-08-02T14:50:10,bike,70,2061
2026-08-02T14:50:10,bike,70,2062
2026-08-02T14:50:10,bike,70,2063
2026-08-02T14:50:11,bike,71,2064
2026-08-02T14:50:11,bike,70,2065
2026-08-02T14:50:11,bike,70,2066
2026-08-02T14:50:12,bike,70,2067
2026-08-02T14:50:12,bike,70,2068
2026-08-02T14:50:12,bike,70,2069
2026-08-02T14:50:12,bike,70,2070
2026-08-02T14:50:13,bike,70,2071
2026-08-02T14:50:13,bike,70,2072
2026-08-02T14:50:13,bike,70,2073
2026-08-02T14:50:13,bike,70,2074
2026-08-02T14:50:14,bike,70,2075
2026-08-02T14:50:14,bike,70,2076
2026-08-02T14:50:14,bike,70,2077
2026-08-02T14:50:15,bike,70,2078
2026-08-02T14:50:15,bike,70,2079
2026-08-02T14:50:15,bike,70,2080
2026-08-02T14:50:15,bike,70,2081
2026-08-02T14:50:16,bike,70,2082
2026-08-02T14:50:16,bike,70,2083
2026-08-02T14:50:16,bike,70,2084
2026-08-02T14:50:17,bike,71,2085
2026-08-02T14:50:17,bike,70,2086
2026-08-02T14:50:17,bike,70,2087
2026-08-02T14:50:17,bike,69,2088
2026-08-02T14:50:18,bike,70,2089
2026-08-02T14:50:18,bike,70,2090
2026-08-02T14:50:18,bike,70,2091
2026-08-02T14:50:19,bike,68,2092
2026-08-02T14:50:19,bike,69,2093
2026-08-02T14:50:19,bike,68,2094
2026-08-02T14:50:20,bike,69,2095
2026-08-02T14:50:20,bike,69,2096
2026-08-02T14:50:20,bike,70,2097
2026-08-02T14:50:21,bike,68,2098
2026-08-02T14:50:21,bike,70,2099
2026-08-02T14:50:22,bike,68,2100
2026-08-02T14:50:52,bike,72,2101
2026-08-02T14:50:52,bike,170,2102
2026-08-02T14:50:52,bike,69,2103
2026-08-02T14:50:54,bike,69,2104
2026-08-02T14:50:54,bike,70,2105
2026-08-02T14:50:55,bike,70,2106
2026-08-02T14:50:55,bike,68,2107
2026-08-02T14:50:56,bike,69,2108
2026-08-02T14:50:56,bike,69,2109
2026-08-02T14:50:57,bike,69,2110
2026-08-02T14:50:58,bike,69,2111
2026-08-02T14:50:59,bike,70,2112
2026-08-02T14:51:02,bike,70,2113
2026-08-02T14:51:03,bike,69,2114
2026-08-02T14:51:04,bike,68,2115
2026-08-02T14:51:04,bike,69,2116
2026-08-02T14:51:05,bike,69,2117
2026-08-02T14:51:05,bike,69,2118
2026-08-02T14:51:06,bike,69,2119
2026-08-02T14:51:06,bike,69,2120
2026-08-02T14:51:06,bike,69,2121
2026-08-02T14:51:07,bike,69,2122
2026-08-02T14:51:07,bike,68,2123
2026-08-02T14:51:08,bike,70,2124
2026-08-02T14:51:08,bike,69,2125
2026-08-02T14:51:09,bike,68,2126
2026-08-02T14:51:10,bike,70,2127
2026-08-02T14:51:16,bike,72,2128
2026-08-02T14:51:16,bike,220,2129
2026-08-02T14:51:17,bike,72,2130
2026-08-02T14:51:20,bike,71,2131
2026-08-02T14:51:21,bike,70,2132
2026-08-02T14:51:44,bike,256,2133
2026-08-02T14:51:48,bike,179,2134
2026-08-02T14:51:49,single,66,2135
2026-08-02T14:51:54,bike,73,2136
2026-08-02T14:51:58,bike,188,2137
2026-08-02T14:52:00,bike,212,2138
2026-08-02T14:52:01,bike,70,2139
2026-08-02T14:52:02,single,66,2140
2026-08-02T14:52:06,bike,163,2141
2026-08-02T14:52:54,bike,175,2142
2026-08-02T14:53:06,bike,205,2143
2026-08-02T14:53:16,bike,240,2144
2026-08-02T14:53:22,bike,205,2145
2026-08-02T14:53:41,bike,184,2146
2026-08-02T14:53:43,bike,174,2147
2026-08-02T14:54:25,bike,163,2148
2026-08-02T14:54:36,single,66,2149
2026-08-02T14:54:38,bike,284,2150
2026-08-02T14:54:44,bike,157,2151
2026-08-02T14:56:02,bike,303,2152
2026-08-02T14:56:22,bike,69,2153
2026-08-02T14:56:22,bike,70,2154
2026-08-02T14:56:50,bike,191,2155
2026-08-02T14:56:51,bike,196,2156
2026-08-02T14:57:56,bike,273,2157
2026-08-02T14:57:56,bike,149,2158
2026-08-02T14:57:58,bike,183,2159
2026-08-02T14:58:00,bike,204,2160
2026-08-02T14:58:22,bike,268,2161
2026-08-02T14:59:35,bike,71,2162
2026-08-02T14:59:37,bike,256,2163
2026-08-02T14:59:38,single,67,2164
2026-08-02T14:59:41,bike,71,2165
2026-08-02T14:59:42,bike,70,2166
2026-08-02T14:59:48,bike,75,2167
2026-08-02T15:00:00,bike,243,2168
2026-08-02T15:00:41,bike,242,2169
2026-08-02T15:01:08,bike,69,2170
2026-08-02T15:01:08,bike,69,2171
2026-08-02T15:01:09,bike,69,2172
2026-08-02T15:01:09,bike,70,2173
2026-08-02T15:01:09,bike,68,2174
2026-08-02T15:01:09,bike,70,2175
2026-08-02T15:01:10,bike,69,2176
2026-08-02T15:01:10,bike,70,2177
2026-08-02T15:01:11,bike,69,2178
2026-08-02T15:01:11,bike,69,2179
2026-08-02T15:01:11,bike,69,2180
2026-08-02T15:01:12,bike,70,2181
2026-08-02T15:01:12,bike,69,2182
2026-08-02T15:01:12,bike,70,2183
2026-08-02T15:01:12,bike,69,2184
2026-08-02T15:01:13,bike,70,2185
2026-08-02T15:01:13,bike,70,2186
2026-08-02T15:01:13,bike,70,2187
2026-08-02T15:01:14,bike,69,2188
2026-08-02T15:01:14,bike,69,2189
2026-08-02T15:01:14,bike,70,2190
2026-08-02T15:01:15,bike,70,2191
2026-08-02T15:01:15,bike,69,2192
2026-08-02T15:01:15,bike,69,2193
2026-08-02T15:01:16,bike,69,2194
2026-08-02T15:01:16,bike,69,2195
2026-08-02T15:01:16,bike,70,2196
2026-08-02T15:01:17,bike,69,2197
2026-08-02T15:01:17,bike,70,2198
2026-08-02T15:01:17,bike,71,2199
2026-08-02T15:01:17,bike,69,2200
2026-08-02T15:01:18,bike,70,2201
2026-08-02T15:01:18,bike,70,2202
2026-08-02T15:01:18,bike,70,2203
2026-08-02T15:01:19,bike,69,2204
2026-08-02T15:01:19,bike,69,2205
2026-08-02T15:01:19,bike,70,2206
2026-08-02T15:01:20,bike,70,2207
2026-08-02T15:01:20,bike,70,2208
2026-08-02T15:01:20,bike,70,2209
2026-08-02T15:01:20,bike,70,2210
2026-08-02T15:01:21,bike,70,2211
2026-08-02T15:01:21,bike,70,2212
2026-08-02T15:01:21,bike,70,2213
2026-08-02T15:01:21,bike,70,2214
2026-08-02T15:01:22,bike,70,2215
2026-08-02T15:01:22,bike,70,2216
2026-08-02T15:01:22,bike,69,2217
2026-08-02T15:01:23,bike,70,2218
2026-08-02T15:01:23,bike,70,2219
2026-08-02T15:01:23,bike,70,2220
2026-08-02T15:01:23,bike,69,2221
2026-08-02T15:01:24,bike,70,2222
2026-08-02T15:01:24,bike,70,2223
2026-08-02T15:01:24,bike,70,2224
2026-08-02T15:01:25,bike,69,2225
2026-08-02T15:01:25,bike,69,2226
2026-08-02T15:01:25,bike,70,2227
2026-08-02T15:01:25,bike,71,2228
2026-08-02T15:01:26,bike,70,2229
2026-08-02T15:01:26,bike,70,2230
2026-08-02T15:01:26,bike,70,2231
2026-08-02T15:01:27,bike,71,2232
2026-08-02T15:01:27,bike,69,2233
2026-08-02T15:01:27,bike,70,2234
2026-08-02T15:01:27,bike,70,2235
2026-08-02T15:01:28,bike,70,2236
2026-08-02T15:01:28,bike,71,2237
2026-08-02T15:01:28,bike,70,2238
2026-08-02T15:01:28,bike,70,2239
2026-08-02T15:01:29,bike,70,2240
2026-08-02T15:01:29,bike,70,2241
2026-08-02T15:01:29,bike,71,2242
2026-08-02T15:01:30,bike,71,2243
2026-08-02T15:01:30,bike,71,2244
2026-08-02T15:01:30,bike,71,2245
2026-08-02T15:01:30,bike,70,2246
2026-08-02T15:01:31,bike,71,2247
2026-08-02T15:01:31,bike,71,2248
2026-08-02T15:01:31,bike,71,2249
2026-08-02T15:01:32,bike,70,2250
2026-08-02T15:01:32,bike,72,2251
2026-08-02T15:01:32,bike,72,2252
2026-08-02T15:01:32,bike,72,2253
2026-08-02T15:01:33,bike,72,2254
2026-08-02T15:01:33,bike,70,2255
2026-08-02T15:01:33,bike,71,2256
2026-08-02T15:01:34,bike,72,2257
2026-08-02T15:01:34,bike,72,2258
2026-08-02T15:01:34,bike,72,2259
2026-08-02T15:01:34,bike,71,2260
2026-08-02T15:01:35,bike,72,2261
2026-08-02T15:01:35,bike,72,2262
2026-08-02T15:01:35,bike,72,2263
2026-08-02T15:01:36,bike,72,2264
2026-08-02T15:01:36,bike,71,2265
2026-08-02T15:01:36,bike,71,2266
2026-08-02T15:01:36,bike,72,2267
2026-08-02T15:01:37,bike,71,2268
2026-08-02T15:01:37,bike,72,2269
2026-08-02T15:01:37,bike,72,2270
2026-08-02T15:01:38,bike,72,2271
2026-08-02T15:01:38,bike,72,2272
2026-08-02T15:01:38,bike,71,2273
2026-08-02T15:01:38,bike,71,2274
2026-08-02T15:01:39,bike,72,2275
2026-08-02T15:01:39,bike,72,2276
2026-08-02T15:01:40,bike,72,2277
2026-08-02T15:01:40,bike,72,2278
2026-08-02T15:01:40,bike,72,2279
2026-08-02T15:01:41,bike,72,2280
2026-08-02T15:01:41,bike,71,2281
2026-08-02T15:01:41,bike,72,2282
2026-08-02T15:01:42,bike,72,2283
2026-08-02T15:01:42,bike,72,2284
2026-08-02T15:01:42,bike,72,2285
2026-08-02T15:01:43,bike,72,2286
2026-08-02T15:01:43,bike,73,2287
2026-08-02T15:01:43,bike,72,2288
2026-08-02T15:01:44,bike,72,2289
2026-08-02T15:01:44,bike,72,2290
2026-08-02T15:01:44,bike,72,2291
2026-08-02T15:01:45,bike,72,2292
2026-08-02T15:01:45,bike,72,2293
2026-08-02T15:01:45,bike,72,2294
2026-08-02T15:01:46,bike,72,2295
2026-08-02T15:01:46,bike,72,2296
2026-08-02T15:01:46,bike,72,2297
2026-08-02T15:01:47,bike,72,2298
2026-08-02T15:01:47,bike,73,2299
2026-08-02T15:01:47,bike,72,2300
2026-08-02T15:01:48,bike,72,2301
2026-08-02T15:01:48,bike,72,2302
2026-08-02T15:01:48,bike,73,2303
2026-08-02T15:01:49,bike,72,2304
2026-08-02T15:01:49,bike,73,2305
2026-08-02T15:01:49,bike,73,2306
2026-08-02T15:01:50,bike,72,2307
2026-08-02T15:01:50,bike,72,2308
2026-08-02T15:01:50,bike,72,2309
2026-08-02T15:01:51,bike,72,2310
2026-08-02T15:01:51,bike,72,2311
2026-08-02T15:01:51,bike,72,2312
2026-08-02T15:01:52,bike,72,2313
2026-08-02T15:01:52,bike,72,2314
2026-08-02T15:01:52,bike,72,2315
2026-08-02T15:01:53,bike,72,2316
2026-08-02T15:01:53,bike,72,2317
2026-08-02T15:01:54,bike,74,2318
2026-08-02T15:01:54,bike,72,2319
2026-08-02T15:01:54,bike,72,2320
2026-08-02T15:01:54,bike,73,2321
2026-08-02T15:01:55,bike,72,2322
2026-08-02T15:01:55,bike,72,2323
2026-08-02T15:01:56,bike,72,2324
2026-08-02T15:01:56,bike,72,2325
2026-08-02T15:01:57,bike,73,2326
2026-08-02T15:01:57,bike,72,2327
2026-08-02T15:01:57,bike,72,2328
2026-08-02T15:01:58,bike,72,2329
2026-08-02T15:01:58,bike,73,2330
2026-08-02T15:01:59,bike,73,2331
2026-08-02T15:01:59,bike,72,2332
2026-08-02T15:02:00,bike,73,2333
2026-08-02T15:02:00,bike,73,2334
2026-08-02T15:02:00,bike,73,2335
2026-08-02T15:02:01,bike,73,2336
2026-08-02T15:02:01,bike,73,2337
2026-08-02T15:02:02,bike,72,2338
2026-08-02T15:02:02,bike,73,2339
2026-08-02T15:02:02,bike,72,2340
2026-08-02T15:02:03,bike,74,2341
2026-08-02T15:02:04,bike,72,2342
2026-08-02T15:02:04,bike,74,2343
2026-08-02T15:02:05,bike,74,2344
2026-08-02T15:02:06,bike,73,2345
2026-08-02T15:02:07,bike,74,2346
2026-08-02T15:02:09,bike,74,2347
2026-08-02T15:02:10,bike,74,2348
2026-08-02T15:02:15,bike,74,2349
2026-08-02T15:02:19,bike,74,2350
2026-08-02T15:02:21,bike,73,2351
2026-08-02T15:02:22,bike,73,2352
2026-08-02T15:02:23,bike,74,2353
2026-08-02T15:02:24,bike,74,2354
2026-08-02T15:02:26,bike,191,2355
2026-08-02T15:02:27,bike,73,2356
2026-08-02T15:02:28,bike,74,2357
2026-08-02T15:02:29,bike,74,2358
2026-08-02T15:02:29,bike,73,2359
2026-08-02T15:02:30,bike,72,2360
2026-08-02T15:02:31,bike,73,2361
2026-08-02T15:02:32,bike,73,2362
2026-08-02T15:02:32,bike,72,2363
2026-08-02T15:02:33,bike,73,2364
2026-08-02T15:02:33,bike,73,2365
2026-08-02T15:02:34,bike,72,2366
2026-08-02T15:02:34,bike,72,2367
2026-08-02T15:02:34,bike,72,2368
2026-08-02T15:02:35,bike,72,2369
2026-08-02T15:02:35,bike,71,2370
2026-08-02T15:02:35,bike,72,2371
2026-08-02T15:02:35,bike,72,2372
2026-08-02T15:02:36,bike,73,2373
2026-08-02T15:02:36,bike,72,2374
2026-08-02T15:02:37,bike,72,2375
2026-08-02T15:02:37,bike,72,2376
2026-08-02T15:02:37,bike,72,2377
2026-08-02T15:02:38,bike,72,2378
2026-08-02T15:02:38,bike,72,2379
2026-08-02T15:02:38,bike,72,2380
2026-08-02T15:02:38,bike,72,2381
2026-08-02T15:02:39,bike,71,2382
2026-08-02T15:02:39,bike,71,2383
2026-08-02T15:02:39,bike,70,2384
2026-08-02T15:02:40,bike,70,2385
2026-08-02T15:02:40,bike,72,2386
2026-08-02T15:02:41,bike,69,2387
2026-08-02T15:02:41,bike,70,2388
2026-08-02T15:02:41,bike,70,2389
2026-08-02T15:02:41,bike,71,2390
2026-08-02T15:02:42,bike,71,2391
2026-08-02T15:02:42,bike,71,2392
2026-08-02T15:02:42,bike,72,2393
2026-08-02T15:02:43,bike,71,2394
2026-08-02T15:02:43,bike,70,2395
2026-08-02T15:02:43,bike,70,2396
2026-08-02T15:02:43,bike,70,2397
2026-08-02T15:02:44,bike,71,2398
2026-08-02T15:02:44,bike,70,2399
2026-08-02T15:02:44,bike,70,2400
2026-08-02T15:02:44,bike,70,2401
2026-08-02T15:02:45,bike,71,2402
2026-08-02T15:02:45,bike,70,2403
2026-08-02T15:02:45,bike,68,2404
2026-08-02T15:02:46,bike,70,2405
2026-08-02T15:02:46,bike,70,2406
2026-08-02T15:02:46,bike,70,2407
2026-08-02T15:02:46,bike,69,2408
2026-08-02T15:02:47,bike,69,2409
2026-08-02T15:02:47,bike,69,2410
2026-08-02T15:02:47,bike,70,2411
2026-08-02T15:02:48,bike,70,2412
2026-08-02T15:02:48,bike,70,2413
2026-08-02T15:02:48,bike,70,2414
2026-08-02T15:02:49,bike,70,2415
2026-08-02T15:02:49,bike,69,2416
2026-08-02T15:02:50,bike,69,2417
2026-08-02T15:02:50,bike,69,2418
2026-08-02T15:02:50,bike,68,2419
2026-08-02T15:02:51,bike,68,2420
2026-08-02T15:02:51,bike,69,2421
2026-08-02T15:02:51,bike,70,2422
2026-08-02T15:02:52,bike,70,2423
2026-08-02T15:02:52,bike,69,2424
2026-08-02T15:02:52,bike,69,2425
2026-08-02T15:02:53,bike,70,2426
2026-08-02T15:02:53,bike,203,2427
2026-08-02T15:02:54,bike,72,2428
2026-08-02T15:02:54,bike,69,2429
2026-08-02T15:02:54,bike,69,2430
2026-08-02T15:02:55,bike,69,2431
2026-08-02T15:02:55,bike,69,2432
2026-08-02T15:02:56,bike,78,2433
2026-08-02T15:02:56,bike,70,2434
2026-08-02T15:03:24,bike,218,2435
2026-08-02T15:03:24,bike,168,2436
2026-08-02T15:03:40,bike,68,2437
2026-08-02T15:03:41,bike,68,2438
2026-08-02T15:03:42,bike,68,2439
2026-08-02T15:03:43,bike,70,2440
2026-08-02T15:03:44,bike,69,2441
2026-08-02T15:03:44,bike,69,2442
2026-08-02T15:03:45,bike,69,2443
2026-08-02T15:03:45,bike,70,2444
2026-08-02T15:03:46,bike,69,2445
2026-08-02T15:03:46,bike,68,2446
2026-08-02T15:03:47,bike,70,2447
2026-08-02T15:03:47,bike,70,2448
2026-08-02T15:03:48,bike,69,2449
2026-08-02T15:04:00,bike,258,2450
2026-08-02T15:04:00,single,66,2451
2026-08-02T15:04:19,bike,208,2452
2026-08-02T15:04:55,bike,207,2453
2026-08-02T15:04:58,bike,190,2454
2026-08-02T15:05:01,bike,168,2455
2026-08-02T15:05:20,bike,181,2456
2026-08-02T15:05:21,bike,170,2457
2026-08-02T15:05:22,bike,204,2458
2026-08-02T15:05:55,bike,207,2459
2026-08-02T15:07:00,bike,260,2460
2026-08-02T15:07:02,bike,211,2461
2026-08-02T15:07:03,bike,206,2462
2026-08-02T15:07:07,bike,200,2463
2026-08-02T15:08:00,bike,70,2464
2026-08-02T15:08:01,bike,69,2465
2026-08-02T15:08:01,bike,70,2466
2026-08-02T15:08:02,bike,69,2467
2026-08-02T15:08:02,bike,70,2468
2026-08-02T15:08:02,bike,69,2469
2026-08-02T15:08:03,bike,70,2470
2026-08-02T15:08:03,bike,69,2471
2026-08-02T15:08:03,bike,69,2472
2026-08-02T15:08:04,bike,70,2473
2026-08-02T15:08:04,bike,70,2474
2026-08-02T15:08:04,bike,69,2475
2026-08-02T15:08:05,bike,68,2476
2026-08-02T15:08:05,bike,70,2477
2026-08-02T15:08:05,bike,70,2478
2026-08-02T15:08:06,bike,68,2479
2026-08-02T15:08:06,bike,69,2480
2026-08-02T15:08:06,bike,69,2481
2026-08-02T15:08:07,bike,70,2482
2026-08-02T15:08:07,bike,69,2483
2026-08-02T15:08:07,bike,70,2484
2026-08-02T15:08:08,bike,70,2485
2026-08-02T15:08:08,bike,69,2486
2026-08-02T15:08:08,bike,69,2487
2026-08-02T15:08:08,bike,69,2488
2026-08-02T15:08:09,bike,70,2489
2026-08-02T15:08:09,bike,70,2490
2026-08-02T15:08:09,bike,70,2491
2026-08-02T15:08:10,bike,70,2492
2026-08-02T15:08:10,bike,70,2493
2026-08-02T15:08:10,bike,69,2494
2026-08-02T15:08:10,bike,70,2495
2026-08-02T15:08:11,bike,70,2496
2026-08-02T15:08:11,bike,70,2497
2026-08-02T15:08:11,bike,71,2498
2026-08-02T15:08:12,bike,70,2499
2026-08-02T15:08:12,bike,70,2500
2026-08-02T15:08:12,bike,70,2501
2026-08-02T15:08:12,bike,69,2502
2026-08-02T15:08:13,bike,70,2503
2026-08-02T15:08:13,bike,70,2504
2026-08-02T15:08:13,bike,69,2505
2026-08-02T15:08:14,bike,70,2506
2026-08-02T15:08:14,bike,70,2507
2026-08-02T15:08:14,bike,70,2508
2026-08-02T15:08:14,bike,69,2509
2026-08-02T15:08:15,bike,70,2510
2026-08-02T15:08:15,bike,70,2511
2026-08-02T15:08:15,bike,70,2512
2026-08-02T15:08:16,bike,71,2513
2026-08-02T15:08:16,bike,70,2514
2026-08-02T15:08:16,bike,70,2515
2026-08-02T15:08:16,bike,69,2516
2026-08-02T15:08:17,bike,70,2517
2026-08-02T15:08:17,bike,70,2518
2026-08-02T15:08:17,bike,70,2519
2026-08-02T15:08:17,bike,70,2520
2026-08-02T15:08:18,bike,70,2521
2026-08-02T15:08:18,bike,70,2522
2026-08-02T15:08:18,bike,70,2523
2026-08-02T15:08:19,bike,70,2524
2026-08-02T15:08:19,bike,70,2525
2026-08-02T15:08:19,bike,70,2526
2026-08-02T15:08:19,bike,70,2527
2026-08-02T15:08:20,bike,70,2528
2026-08-02T15:08:20,bike,70,2529
2026-08-02T15:08:20,bike,70,2530
2026-08-02T15:08:21,bike,70,2531
2026-08-02T15:08:21,bike,70,2532
2026-08-02T15:08:21,bike,69,2533
2026-08-02T15:08:21,bike,70,2534
2026-08-02T15:08:22,bike,71,2535
2026-08-02T15:08:22,bike,70,2536
2026-08-02T15:08:22,bike,70,2537
2026-08-02T15:08:22,bike,70,2538
2026-08-02T15:08:23,bike,70,2539
2026-08-02T15:08:23,bike,70,2540
2026-08-02T15:08:23,bike,72,2541
2026-08-02T15:08:24,bike,71,2542
2026-08-02T15:08:24,bike,71,2543
2026-08-02T15:08:24,bike,70,2544
2026-08-02T15:08:24,bike,69,2545
2026-08-02T15:08:25,bike,70,2546
2026-08-02T15:08:25,bike,70,2547
2026-08-02T15:08:25,bike,69,2548
2026-08-02T15:08:26,bike,71,2549
2026-08-02T15:08:26,bike,70,2550
2026-08-02T15:08:26,bike,70,2551
2026-08-02T15:08:26,bike,70,2552
2026-08-02T15:08:27,bike,70,2553
2026-08-02T15:08:27,bike,70,2554
2026-08-02T15:08:27,bike,69,2555
2026-08-02T15:08:28,bike,70,2556
2026-08-02T15:08:28,bike,68,2557
2026-08-02T15:08:28,bike,70,2558
2026-08-02T15:08:28,bike,70,2559
2026-08-02T15:08:29,bike,70,2560
2026-08-02T15:08:29,bike,69,2561
2026-08-02T15:08:29,bike,70,2562
2026-08-02T15:08:30,bike,70,2563
2026-08-02T15:08:30,bike,70,2564
2026-08-02T15:08:30,bike,70,2565
2026-08-02T15:08:30,bike,70,2566
2026-08-02T15:08:31,bike,71,2567
2026-08-02T15:08:31,bike,69,2568
2026-08-02T15:08:31,bike,69,2569
2026-08-02T15:08:32,bike,69,2570
2026-08-02T15:08:32,bike,69,2571
2026-08-02T15:08:32,bike,70,2572
2026-08-02T15:08:32,bike,69,2573
2026-08-02T15:08:33,bike,69,2574
2026-08-02T15:08:33,bike,70,2575
2026-08-02T15:08:33,bike,69,2576
2026-08-02T15:08:34,bike,70,2577
2026-08-02T15:08:34,bike,70,2578
2026-08-02T15:08:34,bike,70,2579
2026-08-02T15:08:35,bike,69,2580
2026-08-02T15:08:35,bike,70,2581
2026-08-02T15:08:35,bike,69,2582
2026-08-02T15:08:36,bike,69,2583
2026-08-02T15:08:36,bike,68,2584
2026-08-02T15:08:37,bike,69,2585
2026-08-02T15:08:37,bike,69,2586
2026-08-02T15:08:38,bike,70,2587
2026-08-02T15:08:38,bike,69,2588
2026-08-02T15:08:39,bike,69,2589
2026-08-02T15:08:39,bike,69,2590
2026-08-02T15:08:40,bike,68,2591
2026-08-02T15:08:40,bike,70,2592
2026-08-02T15:08:40,bike,70,2593
2026-08-02T15:08:41,bike,70,2594
2026-08-02T15:08:41,bike,70,2595
2026-08-02T15:08:41,bike,69,2596
2026-08-02T15:08:42,bike,69,2597
2026-08-02T15:08:42,bike,69,2598
2026-08-02T15:08:42,bike,70,2599
2026-08-02T15:08:43,bike,69,2600
2026-08-02T15:08:43,bike,70,2601
2026-08-02T15:08:43,bike,69,2602
2026-08-02T15:08:44,bike,69,2603
2026-08-02T15:08:44,bike,70,2604
2026-08-02T15:08:44,bike,69,2605
2026-08-02T15:08:45,bike,70,2606
2026-08-02T15:08:45,bike,69,2607
2026-08-02T15:08:45,bike,70,2608
2026-08-02T15:08:46,bike,70,2609
2026-08-02T15:08:46,bike,70,2610
2026-08-02T15:08:46,bike,70,2611
2026-08-02T15:08:47,bike,70,2612
2026-08-02T15:08:47,bike,70,2613
2026-08-02T15:08:47,bike,69,2614
2026-08-02T15:08:48,bike,70,2615
2026-08-02T15:08:48,bike,69,2616
2026-08-02T15:08:48,bike,69,2617
2026-08-02T15:08:48,bike,70,2618
2026-08-02T15:08:49,bike,70,2619
2026-08-02T15:08:49,bike,70,2620
2026-08-02T15:08:49,bike,70,2621
2026-08-02T15:08:50,bike,70,2622
2026-08-02T15:08:50,bike,70,2623
2026-08-02T15:08:50,bike,69,2624
2026-08-02T15:08:50,bike,70,2625
2026-08-02T15:08:51,bike,70,2626
2026-08-02T15:08:51,bike,70,2627
2026-08-02T15:08:51,bike,70,2628
2026-08-02T15:08:52,bike,70,2629
2026-08-02T15:08:52,bike,69,2630
2026-08-02T15:08:52,bike,69,2631
2026-08-02T15:08:52,bike,70,2632
2026-08-02T15:08:53,bike,69,2633
2026-08-02T15:08:53,bike,70,2634
2026-08-02T15:08:53,bike,70,2635
2026-08-02T15:08:54,bike,70,2636
2026-08-02T15:08:54,bike,70,2637
2026-08-02T15:08:54,bike,69,2638
2026-08-02T15:08:54,bike,70,2639
2026-08-02T15:08:55,bike,69,2640
2026-08-02T15:08:55,bike,69,2641
2026-08-02T15:08:55,bike,70,2642
2026-08-02T15:08:56,bike,70,2643
2026-08-02T15:08:56,bike,70,2644
2026-08-02T15:08:56,bike,70,2645
2026-08-02T15:08:56,bike,70,2646
2026-08-02T15:08:57,bike,70,2647
2026-08-02T15:08:57,bike,70,2648
2026-08-02T15:08:57,bike,70,2649
2026-08-02T15:08:57,bike,70,2650
2026-08-02T15:08:58,bike,69,2651
2026-08-02T15:08:58,bike,70,2652
2026-08-02T15:08:58,bike,70,2653
2026-08-02T15:08:59,bike,69,2654
2026-08-02T15:08:59,bike,70,2655
2026-08-02T15:08:59,bike,70,2656
2026-08-02T15:08:59,bike,70,2657
2026-08-02T15:09:00,bike,70,2658
2026-08-02T15:09:00,bike,71,2659
2026-08-02T15:09:00,bike,70,2660
2026-08-02T15:09:01,bike,70,2661
2026-08-02T15:09:01,bike,70,2662
2026-08-02T15:09:01,bike,70,2663
2026-08-02T15:09:01,bike,69,2664
2026-08-02T15:09:02,bike,70,2665
2026-08-02T15:09:02,bike,70,2666
2026-08-02T15:09:02,bike,69,2667
2026-08-02T15:09:02,bike,70,2668
2026-08-02T15:09:03,bike,71,2669
2026-08-02T15:09:03,bike,70,2670
2026-08-02T15:09:03,bike,70,2671
2026-08-02T15:09:04,bike,70,2672
2026-08-02T15:09:04,bike,70,2673
2026-08-02T15:09:04,bike,70,2674
2026-08-02T15:09:04,bike,70,2675
2026-08-02T15:09:05,bike,70,2676
2026-08-02T15:09:05,bike,70,2677
2026-08-02T15:09:05,bike,70,2678
2026-08-02T15:09:06,bike,70,2679
2026-08-02T15:09:06,bike,70,2680
2026-08-02T15:09:06,bike,70,2681
2026-08-02T15:09:06,bike,71,2682
2026-08-02T15:09:07,bike,70,2683
2026-08-02T15:09:07,bike,70,2684
2026-08-02T15:09:07,bike,70,2685
2026-08-02T15:09:08,bike,71,2686
2026-08-02T15:09:08,bike,70,2687
2026-08-02T15:09:08,bike,71,2688
2026-08-02T15:09:08,bike,70,2689
2026-08-02T15:09:09,bike,71,2690
2026-08-02T15:09:09,bike,70,2691
2026-08-02T15:09:09,bike,70,2692
2026-08-02T15:09:09,bike,72,2693
2026-08-02T15:09:10,bike,70,2694
2026-08-02T15:09:10,bike,70,2695
2026-08-02T15:09:10,bike,71,2696
2026-08-02T15:09:11,bike,71,2697
2026-08-02T15:09:11,bike,71,2698
2026-08-02T15:09:11,bike,70,2699
2026-08-02T15:09:11,bike,70,2700
2026-08-02T15:09:12,bike,71,2701
2026-08-02T15:09:12,bike,71,2702
2026-08-02T15:09:12,bike,71,2703
2026-08-02T15:09:13,bike,70,2704
2026-08-02T15:09:13,bike,72,2705
2026-08-02T15:09:13,bike,71,2706
2026-08-02T15:09:13,bike,72,2707
2026-08-02T15:09:14,bike,72,2708
2026-08-02T15:09:14,bike,72,2709
2026-08-02T15:09:14,bike,71,2710
2026-08-02T15:09:15,bike,71,2711
2026-08-02T15:09:15,bike,70,2712
2026-08-02T15:09:15,bike,72,2713
2026-08-02T15:09:15,bike,71,2714
2026-08-02T15:09:16,bike,71,2715
2026-08-02T15:09:16,bike,72,2716
2026-08-02T15:09:16,bike,71,2717
2026-08-02T15:09:16,bike,72,2718
2026-08-02T15:09:17,bike,71,2719
2026-08-02T15:09:17,bike,72,2720
2026-08-02T15:09:17,bike,71,2721
2026-08-02T15:09:18,bike,71,2722
2026-08-02T15:09:18,bike,72,2723
2026-08-02T15:09:18,bike,71,2724
2026-08-02T15:09:19,bike,71,2725
2026-08-02T15:09:19,bike,71,2726
2026-08-02T15:09:19,bike,71,2727
2026-08-02T15:09:19,bike,72,2728
2026-08-02T15:09:20,bike,72,2729
2026-08-02T15:09:20,bike,72,2730
2026-08-02T15:09:20,bike,73,2731
2026-08-02T15:09:21,bike,72,2732
2026-08-02T15:09:21,bike,72,2733
2026-08-02T15:09:21,bike,72,2734
2026-08-02T15:09:22,bike,73,2735
2026-08-02T15:09:22,bike,72,2736
2026-08-02T15:09:22,bike,71,2737
2026-08-02T15:09:22,bike,72,2738
2026-08-02T15:09:23,bike,72,2739
2026-08-02T15:09:23,bike,72,2740
2026-08-02T15:09:23,bike,72,2741
2026-08-02T15:09:24,bike,72,2742
2026-08-02T15:09:24,bike,72,2743
2026-08-02T15:09:24,bike,72,2744
2026-08-02T15:09:25,bike,72,2745
2026-08-02T15:09:25,bike,72,2746
2026-08-02T15:09:25,bike,72,2747
2026-08-02T15:09:26,bike,72,2748
2026-08-02T15:09:26,bike,72,2749
2026-08-02T15:09:26,bike,72,2750
2026-08-02T15:09:27,bike,73,2751
2026-08-02T15:09:27,bike,72,2752
2026-08-02T15:09:27,bike,72,2753
2026-08-02T15:09:28,bike,72,2754
2026-08-02T15:09:28,bike,72,2755
2026-08-02T15:09:28,bike,72,2756
2026-08-02T15:09:29,bike,72,2757
2026-08-02T15:09:29,bike,73,2758
2026-08-02T15:09:29,bike,72,2759
2026-08-02T15:09:30,bike,73,2760
2026-08-02T15:09:30,bike,72,2761
2026-08-02T15:09:30,bike,72,2762
2026-08-02T15:09:31,bike,73,2763
2026-08-02T15:09:31,bike,73,2764
2026-08-02T15:09:32,bike,72,2765
2026-08-02T15:09:32,bike,73,2766
2026-08-02T15:09:33,bike,73,2767
2026-08-02T15:09:33,bike,73,2768
2026-08-02T15:09:34,bike,76,2769
2026-08-02T15:09:34,bike,72,2770
2026-08-02T15:09:35,bike,72,2771
2026-08-02T15:09:35,bike,72,2772
2026-08-02T15:09:36,bike,73,2773
2026-08-02T15:09:37,bike,74,2774
2026-08-02T15:09:37,bike,73,2775
2026-08-02T15:09:38,bike,74,2776
2026-08-02T15:09:39,bike,74,2777
2026-08-02T15:09:40,bike,73,2778
2026-08-02T15:09:41,bike,74,2779
2026-08-02T15:09:42,bike,73,2780
2026-08-02T15:09:43,bike,74,2781
2026-08-02T15:09:43,bike,72,2782
2026-08-02T15:09:44,bike,73,2783
2026-08-02T15:09:45,bike,73,2784
2026-08-02T15:09:45,bike,73,2785
2026-08-02T15:09:46,bike,73,2786
2026-08-02T15:09:46,bike,73,2787
2026-08-02T15:09:46,bike,73,2788
2026-08-02T15:09:47,bike,73,2789
2026-08-02T15:09:48,bike,74,2790
2026-08-02T15:09:49,bike,73,2791
2026-08-02T15:09:50,bike,73,2792
2026-08-02T15:09:52,bike,73,2793
2026-08-02T15:09:54,bike,74,2794
2026-08-02T15:10:01,bike,74,2795
2026-08-02T15:10:01,bike,72,2796
2026-08-02T15:10:02,bike,72,2797
2026-08-02T15:10:02,bike,72,2798
2026-08-02T15:10:03,bike,72,2799
2026-08-02T15:10:03,bike,72,2800
2026-08-02T15:10:03,bike,72,2801
2026-08-02T15:10:03,bike,70,2802
2026-08-02T15:10:04,bike,71,2803
2026-08-02T15:10:04,bike,70,2804
2026-08-02T15:10:04,bike,70,2805
2026-08-02T15:10:05,bike,69,2806
2026-08-02T15:10:05,bike,70,2807
2026-08-02T15:10:05,bike,70,2808
2026-08-02T15:10:05,bike,70,2809
2026-08-02T15:10:06,bike,70,2810
2026-08-02T15:10:06,bike,70,2811
2026-08-02T15:10:06,bike,69,2812
2026-08-02T15:10:07,bike,69,2813
2026-08-02T15:10:07,bike,69,2814
2026-08-02T15:10:07,bike,69,2815
2026-08-02T15:10:13,bike,214,2816
2026-08-02T15:10:44,bike,73,2817
2026-08-02T15:10:48,bike,354,2818
2026-08-02T15:11:33,bike,218,2819
2026-08-02T15:11:33,single,66,2820
2026-08-02T15:13:23,bike,424,2821
2026-08-02T15:13:24,bike,385,2822
2026-08-02T15:13:31,bike,72,2823
2026-08-02T15:13:32,single,380,2824
2026-08-02T15:14:32,bike,154,2825
2026-08-02T15:15:44,bike,210,2826
2026-08-02T15:15:45,bike,191,2827
2026-08-02T15:15:46,bike,186,2828
2026-08-02T15:17:40,bike,186,2829
2026-08-02T15:17:41,single,148,2830
2026-08-02T15:17:44,bike,152,2831
2026-08-02T15:18:02,bike,109,2832
2026-08-02T15:19:40,bike,143,2833
2026-08-02T15:20:10,bike,120,2834
2026-08-02T15:20:11,bike,142,2835
2026-08-02T15:21:12,bike,188,2836
2026-08-02T15:21:38,bike,156,2837
2026-08-02T15:21:40,bike,152,2838
2026-08-02T15:21:59,bike,199,2839
2026-08-02T15:21:59,bike,238,2840
2026-08-02T15:22:01,single,133,2841
2026-08-02T15:22:57,bike,238,2842
2026-08-02T15:24:14,bike,246,2843
2026-08-02T15:24:14,bike,169,2844
2026-08-02T15:24:19,bike,192,2845
2026-08-02T15:24:22,bike,212,2846
2026-08-02T15:24:45,bike,81,2847
2026-08-02T15:25:47,bike,150,2848
2026-08-02T15:25:59,bike,166,2849
2026-08-02T15:26:02,bike,263,2850
2026-08-02T15:28:08,bike,236,2851
2026-08-02T15:28:08,bike,176,2852
2026-08-02T15:28:24,bike,200,2853
2026-08-02T15:28:25,bike,168,2854
2026-08-02T15:28:28,bike,152,2855
2026-08-02T15:28:31,bike,184,2856
2026-08-02T15:28:33,bike,178,2857
2026-08-02T15:29:13,bike,176,2858
2026-08-02T15:29:15,bike,204,2859
2026-08-02T15:29:22,bike,234,2860
2026-08-02T15:29:30,bike,212,2861
2026-08-02T15:29:31,bike,168,2862
2026-08-02T15:29:34,bike,254,2863
2026-08-02T15:29:44,bike,170,2864
2026-08-02T15:29:46,bike,201,2865
2026-08-02T15:29:51,bike,162,2866
2026-08-02T15:29:57,bike,163,2867
2026-08-02T15:30:04,bike,162,2868
2026-08-02T15:30:07,bike,218,2869
2026-08-02T15:30:08,bike,230,2870
2026-08-02T15:31:18,bike,320,2871
2026-08-02T15:31:32,single,185,2872
2026-08-02T15:34:03,bike,69,2873
2026-08-02T15:34:03,bike,69,2874
2026-08-02T15:34:03,bike,69,2875
2026-08-02T15:34:04,bike,69,2876
2026-08-02T15:34:04,bike,70,2877
2026-08-02T15:34:05,bike,69,2878
2026-08-02T15:34:05,bike,69,2879
2026-08-02T15:34:05,bike,70,2880
2026-08-02T15:34:05,bike,70,2881
2026-08-02T15:34:06,bike,69,2882
2026-08-02T15:34:06,bike,70,2883
2026-08-02T15:34:06,bike,70,2884
2026-08-02T15:34:07,bike,70,2885
2026-08-02T15:34:07,bike,70,2886
2026-08-02T15:34:07,bike,70,2887
2026-08-02T15:34:07,bike,70,2888
2026-08-02T15:34:08,bike,70,2889
2026-08-02T15:34:08,bike,70,2890
2026-08-02T15:34:08,bike,72,2891
2026-08-02T15:34:09,bike,70,2892
2026-08-02T15:34:09,bike,70,2893
2026-08-02T15:34:09,bike,70,2894
2026-08-02T15:34:09,bike,70,2895
2026-08-02T15:34:10,bike,70,2896
2026-08-02T15:34:10,bike,70,2897
2026-08-02T15:34:10,bike,72,2898
2026-08-02T15:34:10,bike,70,2899
2026-08-02T15:34:11,bike,71,2900
2026-08-02T15:34:11,bike,71,2901
2026-08-02T15:34:11,bike,71,2902
2026-08-02T15:34:12,bike,71,2903
2026-08-02T15:34:12,bike,71,2904
2026-08-02T15:34:12,bike,72,2905
2026-08-02T15:34:12,bike,72,2906
2026-08-02T15:34:13,bike,70,2907
2026-08-02T15:34:13,bike,71,2908
2026-08-02T15:34:13,bike,72,2909
2026-08-02T15:34:14,bike,72,2910
2026-08-02T15:34:14,bike,72,2911
2026-08-02T15:34:14,bike,71,2912
2026-08-02T15:34:15,bike,71,2913
2026-08-02T15:34:15,bike,71,2914
2026-08-02T15:34:15,bike,72,2915
2026-08-02T15:34:16,bike,72,2916
2026-08-02T15:34:16,bike,72,2917
2026-08-02T15:34:16,bike,73,2918
2026-08-02T15:34:16,bike,72,2919
2026-08-02T15:34:17,bike,73,2920
2026-08-02T15:34:17,bike,72,2921
2026-08-02T15:34:18,bike,72,2922
2026-08-02T15:34:18,bike,73,2923
2026-08-02T15:34:19,bike,74,2924
2026-08-02T15:34:21,bike,74,2925
2026-08-02T15:34:42,bike,76,2926
2026-08-02T15:34:45,bike,74,2927
2026-08-02T15:34:48,bike,76,2928
2026-08-02T15:34:48,bike,80,2929
2026-08-02T15:34:52,bike,74,2930
2026-08-02T15:34:55,bike,74,2931
2026-08-02T15:35:19,bike,275,2932
2026-08-02T15:35:30,bike,74,2933
2026-08-02T15:35:30,bike,73,2934
2026-08-02T15:35:31,bike,73,2935
2026-08-02T15:35:31,bike,72,2936
2026-08-02T15:35:32,bike,72,2937
2026-08-02T15:35:32,bike,72,2938
2026-08-02T15:35:32,bike,72,2939
2026-08-02T15:35:33,bike,72,2940
2026-08-02T15:35:33,bike,71,2941
2026-08-02T15:35:33,bike,71,2942
2026-08-02T15:35:34,bike,71,2943
2026-08-02T15:35:34,bike,71,2944
2026-08-02T15:35:34,bike,70,2945
2026-08-02T15:35:34,bike,71,2946
2026-08-02T15:35:35,bike,71,2947
2026-08-02T15:35:35,bike,72,2948
2026-08-02T15:35:35,bike,70,2949
2026-08-02T15:35:36,bike,70,2950
2026-08-02T15:35:36,bike,71,2951
2026-08-02T15:35:36,bike,72,2952
2026-08-02T15:35:36,bike,71,2953
2026-08-02T15:35:37,bike,70,2954
2026-08-02T15:35:37,bike,71,2955
2026-08-02T15:35:37,bike,70,2956
2026-08-02T15:35:37,bike,70,2957
2026-08-02T15:35:38,bike,70,2958
2026-08-02T15:35:38,bike,70,2959
2026-08-02T15:35:38,bike,70,2960
2026-08-02T15:35:39,bike,70,2961
2026-08-02T15:35:39,bike,70,2962
2026-08-02T15:35:39,bike,71,2963
2026-08-02T15:35:39,bike,70,2964
2026-08-02T15:35:40,bike,70,2965
2026-08-02T15:35:40,bike,70,2966
2026-08-02T15:35:40,bike,72,2967
2026-08-02T15:35:41,bike,70,2968
2026-08-02T15:35:41,bike,70,2969
2026-08-02T15:35:41,bike,70,2970
2026-08-02T15:35:41,bike,70,2971
2026-08-02T15:35:42,bike,70,2972
2026-08-02T15:35:42,bike,70,2973
2026-08-02T15:35:42,bike,70,2974
2026-08-02T15:35:43,bike,71,2975
2026-08-02T15:35:43,bike,70,2976
2026-08-02T15:35:43,bike,71,2977
2026-08-02T15:35:43,bike,70,2978
2026-08-02T15:35:44,bike,70,2979
2026-08-02T15:35:44,bike,70,2980
2026-08-02T15:35:44,bike,70,2981
2026-08-02T15:35:44,bike,70,2982
2026-08-02T15:35:45,bike,71,2983
2026-08-02T15:35:45,bike,70,2984
2026-08-02T15:35:45,bike,70,2985
2026-08-02T15:35:46,bike,70,2986
2026-08-02T15:35:46,bike,72,2987
2026-08-02T15:35:46,bike,72,2988
2026-08-02T15:35:46,bike,70,2989
2026-08-02T15:35:47,bike,70,2990
2026-08-02T15:35:47,bike,72,2991
2026-08-02T15:35:47,bike,71,2992
2026-08-02T15:35:48,bike,72,2993
2026-08-02T15:35:48,bike,72,2994
2026-08-02T15:35:48,bike,74,2995
2026-08-02T15:35:49,bike,131,2996
2026-08-02T15:35:49,bike,89,2997
2026-08-02T15:35:49,bike,72,2998
2026-08-02T15:35:49,bike,114,2999
2026-08-02T15:35:50,bike,71,3000
2026-08-02T15:35:50,bike,70,3001
2026-08-02T15:35:50,bike,70,3002
2026-08-02T15:35:51,bike,72,3003
2026-08-02T15:35:51,bike,73,3004
2026-08-02T15:35:51,bike,72,3005
2026-08-02T15:35:51,bike,272,3006
2026-08-02T15:35:52,bike,71,3007
2026-08-02T15:35:52,bike,72,3008
2026-08-02T15:35:52,bike,71,3009
2026-08-02T15:35:53,bike,72,3010
2026-08-02T15:35:53,bike,71,3011
2026-08-02T15:35:53,bike,71,3012
2026-08-02T15:35:53,bike,70,3013
2026-08-02T15:35:54,bike,70,3014
2026-08-02T15:35:54,bike,70,3015
2026-08-02T15:35:54,bike,70,3016
2026-08-02T15:35:55,bike,69,3017
2026-08-02T15:35:55,bike,70,3018
2026-08-02T15:35:55,bike,70,3019
2026-08-02T15:35:55,bike,70,3020
2026-08-02T15:35:56,bike,70,3021
2026-08-02T15:35:56,bike,70,3022
2026-08-02T15:35:56,bike,70,3023
2026-08-02T15:35:57,bike,69,3024
2026-08-02T15:35:57,bike,69,3025
2026-08-02T15:35:57,bike,70,3026
2026-08-02T15:35:57,bike,70,3027
2026-08-02T15:35:58,bike,70,3028
2026-08-02T15:35:58,bike,70,3029
2026-08-02T15:35:58,bike,69,3030
2026-08-02T15:35:59,bike,70,3031
2026-08-02T15:35:59,bike,69,3032
2026-08-02T15:35:59,bike,70,3033
2026-08-02T15:35:59,bike,69,3034
2026-08-02T15:36:00,bike,70,3035
2026-08-02T15:36:00,bike,70,3036
2026-08-02T15:36:00,bike,70,3037
2026-08-02T15:36:00,bike,70,3038
2026-08-02T15:36:01,bike,70,3039
2026-08-02T15:36:01,bike,70,3040
2026-08-02T15:36:01,bike,69,3041
2026-08-02T15:36:02,bike,70,3042
2026-08-02T15:36:02,bike,71,3043
2026-08-02T15:36:02,bike,71,3044
2026-08-02T15:36:02,bike,70,3045
2026-08-02T15:36:03,bike,70,3046
2026-08-02T15:36:03,bike,71,3047
2026-08-02T15:36:03,bike,70,3048
2026-08-02T15:36:04,bike,72,3049
2026-08-02T15:36:04,bike,70,3050
2026-08-02T15:36:04,bike,70,3051
2026-08-02T15:36:04,bike,70,3052
2026-08-02T15:36:05,bike,71,3053
2026-08-02T15:36:05,bike,70,3054
2026-08-02T15:36:05,bike,70,3055
2026-08-02T15:36:05,bike,71,3056
2026-08-02T15:36:06,bike,72,3057
2026-08-02T15:36:06,bike,71,3058
2026-08-02T15:36:06,bike,70,3059
2026-08-02T15:36:07,bike,70,3060
2026-08-02T15:36:07,bike,70,3061
2026-08-02T15:36:07,bike,72,3062
2026-08-02T15:36:07,bike,71,3063
2026-08-02T15:36:08,bike,72,3064
2026-08-02T15:36:08,bike,71,3065
2026-08-02T15:36:08,bike,71,3066
2026-08-02T15:36:09,bike,71,3067
2026-08-02T15:36:09,bike,70,3068
2026-08-02T15:36:09,bike,72,3069
2026-08-02T15:36:09,bike,72,3070
2026-08-02T15:36:10,bike,71,3071
2026-08-02T15:36:10,bike,72,3072
2026-08-02T15:36:10,bike,71,3073
2026-08-02T15:36:11,bike,72,3074
2026-08-02T15:36:11,bike,71,3075
2026-08-02T15:36:11,bike,72,3076
2026-08-02T15:36:12,bike,72,3077
2026-08-02T15:36:12,bike,72,3078
2026-08-02T15:36:12,bike,72,3079
2026-08-02T15:36:13,bike,72,3080
2026-08-02T15:36:13,bike,72,3081
2026-08-02T15:36:13,bike,72,3082
2026-08-02T15:36:13,bike,71,3083
2026-08-02T15:36:14,bike,72,3084
2026-08-02T15:36:14,bike,72,3085
2026-08-02T15:36:14,bike,72,3086
2026-08-02T15:36:15,bike,73,3087
2026-08-02T15:36:15,bike,73,3088
2026-08-02T15:36:16,bike,72,3089
2026-08-02T15:36:16,bike,73,3090
2026-08-02T15:36:16,bike,72,3091
2026-08-02T15:36:17,bike,74,3092
2026-08-02T15:36:18,bike,73,3093
2026-08-02T15:36:20,bike,74,3094
2026-08-02T15:36:21,bike,73,3095
2026-08-02T15:36:21,bike,74,3096
2026-08-02T15:36:23,bike,73,3097
2026-08-02T15:36:24,bike,73,3098
2026-08-02T15:36:25,bike,74,3099
2026-08-02T15:36:25,bike,74,3100
2026-08-02T15:36:26,bike,164,3101
2026-08-02T15:36:26,bike,74,3102
2026-08-02T15:36:27,bike,74,3103
2026-08-02T15:36:27,bike,73,3104
2026-08-02T15:36:28,bike,83,3105
2026-08-02T15:36:28,bike,72,3106
2026-08-02T15:36:28,bike,72,3107
2026-08-02T15:36:29,bike,72,3108
2026-08-02T15:36:29,bike,73,3109
2026-08-02T15:36:29,bike,72,3110
2026-08-02T15:36:30,bike,71,3111
2026-08-02T15:36:30,bike,72,3112
2026-08-02T15:36:30,bike,71,3113
2026-08-02T15:36:30,bike,71,3114
2026-08-02T15:36:31,bike,70,3115
2026-08-02T15:36:31,bike,69,3116
2026-08-02T15:36:31,bike,70,3117
2026-08-02T15:36:32,bike,70,3118
2026-08-02T15:36:32,bike,70,3119
2026-08-02T15:36:32,bike,69,3120
2026-08-02T15:36:47,bike,143,3121
2026-08-02T15:36:48,single,66,3122
2026-08-02T15:36:53,bike,70,3123
2026-08-02T15:36:53,single,68,3124
2026-08-02T15:37:08,bike,214,3125
2026-08-02T15:37:31,bike,235,3126
2026-08-02T15:37:32,bike,223,3127
2026-08-02T15:37:38,bike,72,3128
2026-08-02T15:37:38,single,67,3129
2026-08-02T15:37:39,bike,70,3130
2026-08-02T15:37:39,bike,201,3131
2026-08-02T15:37:40,bike,72,3132
2026-08-02T15:37:45,bike,69,3133
2026-08-02T15:37:46,bike,68,3134
2026-08-02T15:37:46,bike,68,3135
2026-08-02T15:37:46,bike,70,3136
2026-08-02T15:37:47,bike,69,3137
2026-08-02T15:37:47,bike,69,3138
2026-08-02T15:37:47,bike,69,3139
2026-08-02T15:37:48,bike,70,3140
2026-08-02T15:37:48,bike,70,3141
2026-08-02T15:37:48,bike,70,3142
2026-08-02T15:37:49,bike,70,3143
2026-08-02T15:37:49,bike,70,3144
2026-08-02T15:37:49,bike,70,3145
2026-08-02T15:37:49,bike,71,3146
2026-08-02T15:37:50,bike,70,3147
2026-08-02T15:37:50,bike,71,3148
2026-08-02T15:37:50,bike,71,3149
2026-08-02T15:37:51,bike,70,3150
2026-08-02T15:37:51,bike,70,3151
2026-08-02T15:37:51,bike,71,3152
2026-08-02T15:37:51,bike,70,3153
2026-08-02T15:37:52,bike,70,3154
2026-08-02T15:37:52,bike,71,3155
2026-08-02T15:37:52,bike,72,3156
2026-08-02T15:37:53,bike,72,3157
2026-08-02T15:37:53,bike,71,3158
2026-08-02T15:37:53,bike,72,3159
2026-08-02T15:37:53,bike,72,3160
2026-08-02T15:37:54,bike,71,3161
2026-08-02T15:37:54,bike,72,3162
2026-08-02T15:37:54,bike,71,3163
2026-08-02T15:37:55,bike,72,3164
2026-08-02T15:37:55,bike,72,3165
2026-08-02T15:37:55,bike,72,3166
2026-08-02T15:37:56,bike,72,3167
2026-08-02T15:37:56,bike,72,3168
2026-08-02T15:37:56,bike,72,3169
2026-08-02T15:37:57,bike,73,3170
2026-08-02T15:37:57,bike,73,3171
2026-08-02T15:37:58,bike,73,3172
2026-08-02T15:37:58,bike,73,3173
2026-08-02T15:38:00,bike,74,3174
2026-08-02T15:38:02,bike,74,3175
2026-08-02T15:38:03,bike,74,3176
2026-08-02T15:38:32,bike,74,3177
2026-08-02T15:38:33,bike,74,3178
2026-08-02T15:38:34,bike,73,3179
2026-08-02T15:38:34,bike,72,3180
2026-08-02T15:38:35,bike,72,3181
2026-08-02T15:38:35,bike,72,3182
2026-08-02T15:38:35,bike,72,3183
2026-08-02T15:38:36,bike,72,3184
2026-08-02T15:38:36,bike,72,3185
2026-08-02T15:38:36,bike,73,3186
2026-08-02T15:38:37,bike,73,3187
2026-08-02T15:38:37,bike,72,3188
2026-08-02T15:38:37,bike,71,3189
2026-08-02T15:38:38,bike,72,3190
2026-08-02T15:38:38,bike,72,3191
2026-08-02T15:38:38,bike,72,3192
2026-08-02T15:38:39,bike,72,3193
2026-08-02T15:38:39,bike,72,3194
2026-08-02T15:38:39,bike,72,3195
2026-08-02T15:38:40,bike,72,3196
2026-08-02T15:38:40,bike,71,3197
2026-08-02T15:38:40,bike,72,3198
2026-08-02T15:38:41,bike,72,3199
2026-08-02T15:38:41,bike,72,3200
2026-08-02T15:38:41,bike,73,3201
2026-08-02T15:38:42,bike,72,3202
2026-08-02T15:38:42,bike,72,3203
2026-08-02T15:38:42,bike,72,3204
2026-08-02T15:38:43,bike,72,3205
2026-08-02T15:38:43,bike,72,3206
2026-08-02T15:38:43,bike,72,3207
2026-08-02T15:38:44,bike,72,3208
2026-08-02T15:38:44,bike,72,3209
2026-08-02T15:38:44,bike,72,3210
2026-08-02T15:38:44,bike,72,3211
2026-08-02T15:38:45,bike,72,3212
2026-08-02T15:38:45,bike,72,3213
2026-08-02T15:38:45,bike,71,3214
2026-08-02T15:38:46,bike,71,3215
2026-08-02T15:38:46,bike,71,3216
2026-08-02T15:38:46,bike,72,3217
2026-08-02T15:38:46,bike,71,3218
2026-08-02T15:38:47,bike,71,3219
2026-08-02T15:38:47,bike,71,3220
2026-08-02T15:38:47,bike,71,3221
2026-08-02T15:38:48,bike,70,3222
2026-08-02T15:38:48,bike,72,3223
2026-08-02T15:38:48,bike,71,3224
2026-08-02T15:38:48,bike,71,3225
2026-08-02T15:38:49,bike,71,3226
2026-08-02T15:38:49,bike,71,3227
2026-08-02T15:38:49,bike,70,3228
2026-08-02T15:38:50,bike,71,3229
2026-08-02T15:38:50,bike,71,3230
2026-08-02T15:38:50,bike,72,3231
2026-08-02T15:38:50,bike,70,3232
2026-08-02T15:38:51,bike,71,3233
2026-08-02T15:38:51,bike,72,3234
2026-08-02T15:38:51,bike,71,3235
2026-08-02T15:38:52,bike,70,3236
2026-08-02T15:38:52,bike,70,3237
2026-08-02T15:38:52,bike,71,3238
2026-08-02T15:38:52,bike,71,3239
2026-08-02T15:38:53,bike,71,3240
2026-08-02T15:38:53,bike,71,3241
2026-08-02T15:38:53,bike,70,3242
2026-08-02T15:38:53,bike,71,3243
2026-08-02T15:38:54,bike,70,3244
2026-08-02T15:38:54,bike,71,3245
2026-08-02T15:38:54,bike,71,3246
2026-08-02T15:38:55,bike,70,3247
2026-08-02T15:38:55,bike,71,3248
2026-08-02T15:38:55,bike,70,3249
2026-08-02T15:38:55,bike,70,3250
2026-08-02T15:38:56,bike,72,3251
2026-08-02T15:38:56,bike,71,3252
2026-08-02T15:38:56,bike,71,3253
2026-08-02T15:38:57,bike,72,3254
2026-08-02T15:38:57,bike,71,3255
2026-08-02T15:38:57,bike,70,3256
2026-08-02T15:38:57,bike,71,3257
2026-08-02T15:38:58,bike,72,3258
2026-08-02T15:38:58,bike,71,3259
2026-08-02T15:38:58,bike,71,3260
2026-08-02T15:38:59,bike,72,3261
2026-08-02T15:38:59,bike,72,3262
2026-08-02T15:38:59,bike,72,3263
2026-08-02T15:39:00,bike,72,3264
2026-08-02T15:39:00,bike,72,3265
2026-08-02T15:39:00,bike,72,3266
2026-08-02T15:39:00,bike,72,3267
2026-08-02T15:39:01,bike,72,3268
2026-08-02T15:39:01,bike,71,3269
2026-08-02T15:39:01,bike,72,3270
2026-08-02T15:39:02,bike,72,3271
2026-08-02T15:39:02,bike,71,3272
2026-08-02T15:39:02,bike,72,3273
2026-08-02T15:39:03,bike,72,3274
2026-08-02T15:39:03,bike,72,3275
2026-08-02T15:39:03,bike,72,3276
2026-08-02T15:39:04,bike,71,3277
2026-08-02T15:39:04,bike,73,3278
2026-08-02T15:39:04,bike,72,3279
2026-08-02T15:39:05,bike,72,3280
2026-08-02T15:39:05,bike,72,3281
2026-08-02T15:39:05,bike,73,3282
2026-08-02T15:39:06,bike,72,3283
2026-08-02T15:39:06,bike,72,3284
2026-08-02T15:39:07,bike,73,3285
2026-08-02T15:39:07,bike,73,3286
2026-08-02T15:39:08,bike,73,3287
2026-08-02T15:39:09,bike,73,3288
2026-08-02T15:39:09,bike,72,3289
2026-08-02T15:39:10,bike,74,3290
2026-08-02T15:39:11,bike,74,3291
2026-08-02T15:39:28,bike,245,3292
2026-08-02T15:39:35,bike,74,3293
2026-08-02T15:39:36,bike,74,3294
2026-08-02T15:39:37,bike,73,3295
2026-08-02T15:39:37,bike,73,3296
2026-08-02T15:39:37,bike,72,3297
2026-08-02T15:39:38,bike,72,3298
2026-08-02T15:39:38,bike,73,3299
2026-08-02T15:39:39,bike,72,3300
2026-08-02T15:39:39,bike,73,3301
2026-08-02T15:39:39,bike,72,3302
2026-08-02T15:39:40,bike,72,3303
2026-08-02T15:39:40,bike,72,3304
2026-08-02T15:39:40,bike,72,3305
2026-08-02T15:39:41,bike,72,3306
2026-08-02T15:39:41,bike,72,3307
2026-08-02T15:39:41,bike,72,3308
2026-08-02T15:39:42,bike,72,3309
2026-08-02T15:39:42,bike,72,3310
2026-08-02T15:39:42,bike,72,3311
2026-08-02T15:39:42,bike,71,3312
2026-08-02T15:39:43,bike,72,3313
2026-08-02T15:39:43,bike,72,3314
2026-08-02T15:39:43,bike,72,3315
2026-08-02T15:39:44,bike,71,3316
2026-08-02T15:39:44,bike,70,3317
2026-08-02T15:39:44,bike,72,3318
2026-08-02T15:39:45,bike,71,3319
2026-08-02T15:39:45,bike,71,3320
2026-08-02T15:39:45,bike,71,3321
2026-08-02T15:39:45,bike,71,3322
2026-08-02T15:39:46,bike,71,3323
2026-08-02T15:39:46,bike,71,3324
2026-08-02T15:39:46,bike,72,3325
2026-08-02T15:39:46,bike,70,3326
2026-08-02T15:39:47,bike,70,3327
2026-08-02T15:39:47,bike,70,3328
2026-08-02T15:39:47,bike,71,3329
2026-08-02T15:39:48,bike,70,3330
2026-08-02T15:39:48,bike,70,3331
2026-08-02T15:39:48,bike,72,3332
2026-08-02T15:39:48,bike,72,3333
2026-08-02T15:39:49,bike,70,3334
2026-08-02T15:39:49,bike,70,3335
2026-08-02T15:39:49,bike,70,3336
2026-08-02T15:39:50,bike,71,3337
2026-08-02T15:39:50,bike,71,3338
2026-08-02T15:39:50,bike,71,3339
2026-08-02T15:39:50,bike,70,3340
2026-08-02T15:39:51,bike,70,3341
2026-08-02T15:39:51,bike,70,3342
2026-08-02T15:39:51,bike,70,3343
2026-08-02T15:39:52,bike,70,3344
2026-08-02T15:39:52,bike,70,3345
2026-08-02T15:39:52,bike,70,3346
2026-08-02T15:39:52,bike,71,3347
2026-08-02T15:39:53,bike,70,3348
2026-08-02T15:39:53,bike,70,3349
2026-08-02T15:39:53,bike,70,3350
2026-08-02T15:39:53,bike,70,3351
2026-08-02T15:39:54,bike,71,3352
2026-08-02T15:39:54,bike,70,3353
2026-08-02T15:39:54,bike,70,3354
2026-08-02T15:39:55,bike,70,3355
2026-08-02T15:39:55,bike,70,3356
2026-08-02T15:39:55,bike,70,3357
2026-08-02T15:39:55,bike,70,3358
2026-08-02T15:39:56,bike,71,3359
2026-08-02T15:39:56,bike,69,3360
2026-08-02T15:39:56,bike,70,3361
2026-08-02T15:39:57,bike,70,3362
2026-08-02T15:39:57,bike,70,3363
2026-08-02T15:39:57,bike,75,3364
2026-08-02T15:39:57,bike,71,3365
2026-08-02T15:39:58,bike,70,3366
2026-08-02T15:39:58,bike,70,3367
2026-08-02T15:39:58,bike,70,3368
2026-08-02T15:39:58,bike,69,3369
2026-08-02T15:39:59,bike,69,3370
2026-08-02T15:39:59,bike,70,3371
2026-08-02T15:39:59,bike,70,3372
2026-08-02T15:40:00,bike,69,3373
2026-08-02T15:40:00,bike,70,3374
2026-08-02T15:40:00,bike,69,3375
2026-08-02T15:40:00,bike,70,3376
2026-08-02T15:40:01,bike,70,3377
2026-08-02T15:40:01,bike,70,3378
2026-08-02T15:40:01,bike,70,3379
2026-08-02T15:40:02,bike,69,3380
2026-08-02T15:40:03,bike,69,3381
2026-08-02T15:40:23,bike,256,3382
2026-08-02T15:40:23,single,66,3383
2026-08-02T15:40:24,bike,242,3384
2026-08-02T15:40:24,bike,205,3385
2026-08-02T15:40:25,bike,177,3386
2026-08-02T15:40:26,bike,244,3387
2026-08-02T15:40:26,bike,166,3388
2026-08-02T15:40:49,bike,197,3389
2026-08-02T15:41:54,bike,197,3390
2026-08-02T15:41:54,bike,220,3391
2026-08-02T15:43:01,bike,150,3392
2026-08-02T15:43:03,bike,166,3393
2026-08-02T15:43:03,single,180,3394
2026-08-02T15:43:08,bike,189,3395
2026-08-02T15:43:20,single,134,3396
2026-08-02T15:43:21,single,158,3397
2026-08-02T15:43:27,single,106,3398
2026-08-02T15:43:28,single,106,3399
2026-08-02T15:43:36,single,125,3400
2026-08-02T15:43:37,single,125,3401
2026-08-02T15:43:41,bike,148,3402
2026-08-02T15:43:43,single,131,3403
2026-08-02T15:43:47,bike,197,3404
2026-08-02T15:43:47,bike,207,3405
2026-08-02T15:44:21,bike,168,3406
2026-08-02T15:44:22,bike,181,3407
2026-08-02T15:45:47,bike,181,3408
2026-08-02T15:46:05,single,180,3409
2026-08-02T15:46:13,bike,201,3410
2026-08-02T15:46:52,bike,196,3411
2026-08-02T15:48:18,bike,406,3412
2026-08-02T15:48:23,bike,334,3413
2026-08-02T15:48:48,bike,124,3414
2026-08-02T15:48:49,single,80,3415
2026-08-02T15:48:57,bike,208,3416
2026-08-02T15:49:07,bike,168,3417
2026-08-02T15:49:17,bike,158,3418
2026-08-02T15:50:24,bike,172,3419
2026-08-02T15:50:30,bike,166,3420
2026-08-02T15:50:42,bike,151,3421
2026-08-02T15:52:14,bike,204,3422
2026-08-02T15:52:15,bike,189,3423
2026-08-02T15:52:27,bike,205,3424
2026-08-02T15:52:33,bike,272,3425
2026-08-02T15:52:39,bike,156,3426
2026-08-02T15:52:51,bike,160,3427
2026-08-02T15:52:53,bike,173,3428
2026-08-02T15:52:56,bike,179,3429
2026-08-02T15:52:57,bike,198,3430
2026-08-02T15:52:57,bike,256,3431
2026-08-02T15:52:58,bike,179,3432
2026-08-02T15:52:59,bike,154,3433
2026-08-02T15:53:01,bike,157,3434
2026-08-02T15:53:02,bike,184,3435
2026-08-02T15:53:03,bike,161,3436
2026-08-02T15:53:51,single,152,3437
2026-08-02T15:54:28,bike,193,3438
2026-08-02T15:55:31,bike,161,3439
2026-08-02T15:55:56,bike,178,3440
2026-08-02T15:56:08,single,66,3441
2026-08-02T15:56:10,bike,197,3442
2026-08-02T15:56:14,bike,199,3443
2026-08-02T15:56:41,bike,245,3444
2026-08-02T15:56:42,single,116,3445
2026-08-02T15:58:18,bike,68,3446
2026-08-02T15:58:18,bike,69,3447
2026-08-02T15:58:19,bike,70,3448
2026-08-02T15:58:19,bike,69,3449
2026-08-02T15:58:20,bike,70,3450
2026-08-02T15:58:20,bike,69,3451
2026-08-02T15:58:20,bike,70,3452
2026-08-02T15:58:20,bike,69,3453
2026-08-02T15:58:21,bike,68,3454
2026-08-02T15:58:21,bike,70,3455
2026-08-02T15:58:22,bike,69,3456
2026-08-02T15:58:22,bike,70,3457
2026-08-02T15:58:22,bike,69,3458
2026-08-02T15:58:23,bike,69,3459
2026-08-02T15:58:23,bike,69,3460
2026-08-02T15:58:23,bike,70,3461
2026-08-02T15:58:24,bike,69,3462
2026-08-02T15:58:24,bike,69,3463
2026-08-02T15:58:24,bike,70,3464
2026-08-02T15:58:24,bike,69,3465
2026-08-02T15:58:25,bike,70,3466
2026-08-02T15:58:25,bike,70,3467
2026-08-02T15:58:25,bike,70,3468
2026-08-02T15:58:26,bike,70,3469
2026-08-02T15:58:26,bike,69,3470
2026-08-02T15:58:26,bike,69,3471
2026-08-02T15:58:26,bike,70,3472
2026-08-02T15:58:27,bike,70,3473
2026-08-02T15:58:27,bike,70,3474
2026-08-02T15:58:27,bike,70,3475
2026-08-02T15:58:28,bike,69,3476
2026-08-02T15:58:28,bike,70,3477
2026-08-02T15:58:28,bike,70,3478
2026-08-02T15:58:28,bike,70,3479
2026-08-02T15:58:29,bike,69,3480
2026-08-02T15:58:29,bike,69,3481
2026-08-02T15:58:29,bike,69,3482
2026-08-02T15:58:30,bike,69,3483
2026-08-02T15:58:30,bike,71,3484
2026-08-02T15:58:30,bike,70,3485
2026-08-02T15:58:31,bike,69,3486
2026-08-02T15:58:31,bike,70,3487
2026-08-02T15:58:31,bike,69,3488
2026-08-02T15:58:31,bike,69,3489
2026-08-02T15:58:32,bike,70,3490
2026-08-02T15:58:32,bike,70,3491
2026-08-02T15:58:32,bike,70,3492
2026-08-02T15:58:33,bike,70,3493
2026-08-02T15:58:33,bike,70,3494
2026-08-02T15:58:33,bike,69,3495
2026-08-02T15:58:34,bike,69,3496
2026-08-02T15:58:34,bike,69,3497
2026-08-02T15:58:34,bike,69,3498
2026-08-02T15:58:35,bike,208,3499
2026-08-02T15:58:35,bike,70,3500
2026-08-02T15:58:36,bike,69,3501
2026-08-02T15:58:36,bike,70,3502
2026-08-02T15:58:37,bike,69,3503
2026-08-02T15:58:38,bike,69,3504
2026-08-02T15:58:39,bike,70,3505
2026-08-02T15:58:39,bike,69,3506
2026-08-02T15:58:40,bike,70,3507
2026-08-02T15:58:40,bike,69,3508
2026-08-02T15:59:04,bike,228,3509
2026-08-02T15:59:06,bike,226,3510
2026-08-02T16:00:02,bike,196,3511
2026-08-02T16:00:13,bike,158,3512
2026-08-02T16:00:32,bike,250,3513
2026-08-02T16:00:34,bike,225,3514
2026-08-02T16:00:35,bike,239,3515
2026-08-02T16:01:21,bike,69,3516
2026-08-02T16:01:22,bike,70,3517
2026-08-02T16:01:22,bike,69,3518
2026-08-02T16:01:23,bike,69,3519
2026-08-02T16:01:23,bike,68,3520
2026-08-02T16:01:23,bike,69,3521
2026-08-02T16:01:24,bike,68,3522
2026-08-02T16:01:24,bike,69,3523
2026-08-02T16:01:24,bike,69,3524
2026-08-02T16:01:25,bike,70,3525
2026-08-02T16:01:25,bike,69,3526
2026-08-02T16:01:25,bike,69,3527
2026-08-02T16:01:26,bike,70,3528
2026-08-02T16:01:26,bike,69,3529
2026-08-02T16:01:26,bike,71,3530
2026-08-02T16:01:26,bike,70,3531
2026-08-02T16:01:27,bike,70,3532
2026-08-02T16:01:27,bike,69,3533
2026-08-02T16:01:27,bike,70,3534
2026-08-02T16:01:28,bike,70,3535
2026-08-02T16:01:28,bike,69,3536
2026-08-02T16:01:28,bike,70,3537
2026-08-02T16:01:29,bike,70,3538
2026-08-02T16:01:29,bike,70,3539
2026-08-02T16:01:29,bike,69,3540
2026-08-02T16:01:29,bike,69,3541
2026-08-02T16:01:30,bike,70,3542
2026-08-02T16:01:30,bike,69,3543
2026-08-02T16:01:30,bike,70,3544
2026-08-02T16:01:31,bike,69,3545
2026-08-02T16:01:31,bike,70,3546
2026-08-02T16:01:31,bike,69,3547
2026-08-02T16:01:32,bike,69,3548
2026-08-02T16:01:32,bike,69,3549
2026-08-02T16:01:32,bike,70,3550
2026-08-02T16:01:33,bike,69,3551
2026-08-02T16:01:33,bike,70,3552
2026-08-02T16:01:33,bike,69,3553
2026-08-02T16:01:34,bike,69,3554
2026-08-02T16:01:34,bike,69,3555
2026-08-02T16:01:35,bike,70,3556
2026-08-02T16:01:35,bike,70,3557
2026-08-02T16:01:35,bike,68,3558
2026-08-02T16:01:36,bike,70,3559
2026-08-02T16:01:36,bike,69,3560
2026-08-02T16:01:36,bike,69,3561
2026-08-02T16:01:37,bike,69,3562
2026-08-02T16:01:37,bike,69,3563
2026-08-02T16:01:38,bike,68,3564
2026-08-02T16:01:39,single,69,3565
2026-08-02T16:01:43,bike,72,3566
2026-08-02T16:01:44,single,66,3567
2026-08-02T16:02:46,bike,217,3568
2026-08-02T16:02:49,bike,196,3569
2026-08-02T16:03:18,bike,69,3570
2026-08-02T16:03:19,bike,70,3571
2026-08-02T16:03:20,bike,68,3572
2026-08-02T16:03:20,bike,70,3573
2026-08-02T16:03:20,bike,69,3574
2026-08-02T16:03:21,bike,70,3575
2026-08-02T16:03:21,bike,70,3576
2026-08-02T16:03:21,bike,69,3577
2026-08-02T16:03:22,bike,70,3578
2026-08-02T16:03:22,bike,70,3579
2026-08-02T16:03:22,bike,70,3580
2026-08-02T16:03:22,bike,70,3581
2026-08-02T16:03:23,bike,70,3582
2026-08-02T16:03:23,bike,69,3583
2026-08-02T16:03:23,bike,70,3584
2026-08-02T16:03:24,bike,70,3585
2026-08-02T16:03:24,bike,70,3586
2026-08-02T16:03:24,bike,70,3587
2026-08-02T16:03:24,bike,70,3588
2026-08-02T16:03:25,bike,70,3589
2026-08-02T16:03:25,bike,71,3590
2026-08-02T16:03:25,bike,70,3591
2026-08-02T16:03:26,bike,71,3592
2026-08-02T16:03:26,bike,70,3593
2026-08-02T16:03:26,bike,70,3594
2026-08-02T16:03:26,bike,72,3595
2026-08-02T16:03:27,bike,70,3596
2026-08-02T16:03:27,bike,71,3597
2026-08-02T16:03:27,bike,70,3598
2026-08-02T16:03:27,bike,70,3599
2026-08-02T16:03:28,bike,70,3600
2026-08-02T16:03:28,bike,70,3601
2026-08-02T16:03:28,bike,71,3602
2026-08-02T16:03:29,bike,70,3603
2026-08-02T16:03:29,bike,71,3604
2026-08-02T16:03:29,bike,70,3605
2026-08-02T16:03:29,bike,70,3606
2026-08-02T16:03:30,bike,70,3607
2026-08-02T16:03:30,bike,70,3608
2026-08-02T16:03:30,bike,70,3609
2026-08-02T16:03:31,bike,70,3610
2026-08-02T16:03:31,bike,70,3611
2026-08-02T16:03:31,bike,71,3612
2026-08-02T16:03:31,bike,70,3613
2026-08-02T16:03:32,bike,70,3614
2026-08-02T16:03:32,bike,70,3615
2026-08-02T16:03:32,bike,70,3616
2026-08-02T16:03:32,bike,70,3617
2026-08-02T16:03:33,bike,69,3618
2026-08-02T16:03:33,bike,70,3619
2026-08-02T16:03:33,bike,70,3620
2026-08-02T16:03:34,bike,70,3621
2026-08-02T16:03:34,bike,70,3622
2026-08-02T16:03:34,bike,70,3623
2026-08-02T16:03:34,bike,70,3624
2026-08-02T16:03:35,bike,70,3625
2026-08-02T16:03:35,bike,69,3626
2026-08-02T16:03:35,bike,70,3627
2026-08-02T16:03:36,bike,70,3628
2026-08-02T16:03:36,bike,238,3629
2026-08-02T16:03:36,bike,69,3630
2026-08-02T16:03:37,bike,277,3631
2026-08-02T16:03:37,bike,70,3632
2026-08-02T16:03:38,bike,68,3633
2026-08-02T16:05:10,bike,71,3634
2026-08-02T16:05:17,bike,69,3635
2026-08-02T16:05:18,bike,69,3636
2026-08-02T16:05:18,bike,69,3637
2026-08-02T16:05:18,bike,69,3638
2026-08-02T16:05:19,bike,69,3639
2026-08-02T16:05:19,bike,68,3640
2026-08-02T16:05:20,bike,69,3641
2026-08-02T16:05:20,bike,70,3642
2026-08-02T16:05:20,bike,70,3643
2026-08-02T16:05:21,bike,70,3644
2026-08-02T16:05:21,bike,69,3645
2026-08-02T16:05:21,bike,69,3646
2026-08-02T16:05:22,bike,69,3647
2026-08-02T16:05:22,bike,69,3648
2026-08-02T16:05:22,bike,70,3649
2026-08-02T16:05:23,bike,70,3650
2026-08-02T16:05:23,bike,69,3651
2026-08-02T16:05:23,bike,70,3652
2026-08-02T16:05:23,bike,70,3653
2026-08-02T16:05:24,bike,70,3654
2026-08-02T16:05:24,bike,70,3655
2026-08-02T16:05:24,bike,69,3656
2026-08-02T16:05:25,bike,70,3657
2026-08-02T16:05:25,bike,69,3658
2026-08-02T16:05:25,bike,70,3659
2026-08-02T16:05:25,bike,70,3660
2026-08-02T16:05:26,bike,70,3661
2026-08-02T16:05:26,bike,70,3662
2026-08-02T16:05:26,bike,70,3663
2026-08-02T16:05:27,bike,70,3664
2026-08-02T16:05:27,bike,70,3665
2026-08-02T16:05:27,bike,70,3666
2026-08-02T16:05:27,bike,71,3667
2026-08-02T16:05:28,bike,70,3668
2026-08-02T16:05:28,bike,69,3669
2026-08-02T16:05:28,bike,70,3670
2026-08-02T16:05:29,bike,70,3671
2026-08-02T16:05:29,bike,69,3672
2026-08-02T16:05:29,bike,70,3673
2026-08-02T16:05:29,bike,70,3674
2026-08-02T16:05:30,bike,69,3675
2026-08-02T16:05:30,bike,69,3676
2026-08-02T16:05:30,bike,69,3677
2026-08-02T16:05:31,bike,70,3678
2026-08-02T16:05:31,bike,70,3679
2026-08-02T16:05:31,bike,70,3680
2026-08-02T16:05:31,bike,70,3681
2026-08-02T16:05:32,bike,70,3682
2026-08-02T16:05:32,bike,70,3683
2026-08-02T16:05:32,bike,70,3684
2026-08-02T16:05:33,bike,69,3685
2026-08-02T16:05:33,bike,70,3686
2026-08-02T16:05:33,bike,69,3687
2026-08-02T16:05:33,bike,70,3688
2026-08-02T16:05:34,bike,69,3689
2026-08-02T16:05:34,bike,69,3690
2026-08-02T16:05:34,bike,69,3691
2026-08-02T16:05:35,bike,69,3692
2026-08-02T16:05:35,bike,69,3693
2026-08-02T16:05:35,bike,69,3694
2026-08-02T16:05:36,bike,69,3695
2026-08-02T16:05:36,bike,68,3696
2026-08-02T16:05:36,bike,70,3697
2026-08-02T16:05:37,bike,68,3698
2026-08-02T16:05:37,bike,69,3699
2026-08-02T16:05:37,bike,70,3700
2026-08-02T16:05:38,bike,70,3701
2026-08-02T16:05:38,bike,70,3702
2026-08-02T16:05:39,bike,69,3703
2026-08-02T16:05:39,bike,69,3704
2026-08-02T16:05:40,bike,69,3705
2026-08-02T16:05:40,bike,69,3706
2026-08-02T16:05:42,bike,68,3707
2026-08-02T16:06:12,bike,71,3708
2026-08-02T16:07:33,bike,250,3709
2026-08-02T16:07:59,bike,76,3710
2026-08-02T16:07:59,single,102,3711
2026-08-02T16:08:41,bike,174,3712
2026-08-02T16:08:42,bike,186,3713
2026-08-02T16:08:43,single,154,3714
2026-08-02T16:08:45,bike,192,3715
2026-08-02T16:09:19,bike,316,3716
2026-08-02T16:09:20,bike,230,3717
2026-08-02T16:09:32,bike,261,3718
2026-08-02T16:09:32,bike,272,3719
2026-08-02T16:09:33,single,296,3720
2026-08-02T16:09:43,bike,151,3721
2026-08-02T16:10:16,bike,142,3722
2026-08-02T16:10:28,bike,243,3723
2026-08-02T16:10:28,bike,148,3724
2026-08-02T16:10:29,bike,213,3725
2026-08-02T16:10:30,bike,149,3726
2026-08-02T16:11:06,bike,153,3727
2026-08-02T16:11:24,bike,156,3728
2026-08-02T16:12:26,single,228,3729
2026-08-02T16:14:18,bike,306,3730
2026-08-02T16:14:42,bike,181,3731
2026-08-02T16:14:52,bike,155,3732
2026-08-02T16:14:53,bike,124,3733
2026-08-02T16:15:02,bike,276,3734
2026-08-02T16:15:26,bike,248,3735
2026-08-02T16:15:44,bike,275,3736
2026-08-02T16:15:45,bike,269,3737
2026-08-02T16:16:12,bike,203,3738
2026-08-02T16:17:10,bike,184,3739
2026-08-02T16:17:51,bike,173,3740
2026-08-02T16:17:55,bike,174,3741
2026-08-02T16:18:41,bike,167,3742
2026-08-02T16:18:42,single,127,3743
2026-08-02T16:20:55,bike,196,3744
2026-08-02T16:20:55,bike,75,3745
2026-08-02T16:22:14,bike,203,3746
2026-08-02T16:22:50,bike,176,3747
2026-08-02T16:23:32,bike,274,3748
2026-08-02T16:23:33,single,84,3749
2026-08-02T16:23:44,bike,314,3750
2026-08-02T16:24:03,single,66,3751
2026-08-02T16:24:12,bike,231,3752
2026-08-02T16:24:35,bike,145,3753
2026-08-02T16:24:38,bike,140,3754
2026-08-02T16:25:21,bike,156,3755
2026-08-02T16:25:34,bike,194,3756
2026-08-02T16:25:35,bike,173,3757
2026-08-02T16:26:27,bike,191,3758
2026-08-02T16:26:36,bike,119,3759
2026-08-02T16:26:36,bike,85,3760
2026-08-02T16:26:39,bike,285,3761
2026-08-02T16:26:40,bike,291,3762
2026-08-02T16:26:49,single,172,3763
2026-08-02T16:28:46,bike,92,3764
2026-08-02T16:28:46,single,184,3765
2026-08-02T16:28:53,bike,176,3766
2026-08-02T16:28:54,single,196,3767
2026-08-02T16:28:54,bike,213,3768
2026-08-02T16:29:11,bike,338,3769
2026-08-02T16:29:21,bike,170,3770
2026-08-02T16:29:28,bike,169,3771
2026-08-02T16:29:29,bike,200,3772
2026-08-02T16:29:30,bike,243,3773
2026-08-02T16:29:46,bike,210,3774
2026-08-02T16:29:48,bike,160,3775
2026-08-02T16:30:06,bike,232,3776
2026-08-02T16:31:59,bike,86,3777
2026-08-02T16:34:11,bike,320,3778
2026-08-02T16:35:42,bike,180,3779
2026-08-02T16:35:53,bike,291,3780
2026-08-02T16:37:06,bike,149,3781
2026-08-02T16:37:26,bike,142,3782
2026-08-02T16:38:18,bike,174,3783
2026-08-02T16:38:19,single,193,3784
2026-08-02T16:38:58,bike,175,3785
2026-08-02T16:39:30,bike,156,3786
2026-08-02T16:39:33,bike,137,3787
2026-08-02T16:40:29,bike,177,3788
2026-08-02T16:40:35,bike,127,3789
2026-08-02T16:40:40,bike,205,3790
2026-08-02T16:40:40,bike,136,3791
2026-08-02T16:40:41,single,127,3792
2026-08-02T16:41:48,bike,180,3793
2026-08-02T16:41:55,bike,123,3794
2026-08-02T16:42:42,bike,168,3795
2026-08-02T16:42:44,bike,160,3796
2026-08-02T16:43:31,bike,134,3797
2026-08-02T16:43:51,bike,142,3798
2026-08-02T16:43:51,bike,168,3799
2026-08-02T16:44:36,bike,196,3800
2026-08-02T16:44:48,bike,151,3801
2026-08-02T16:44:49,bike,168,3802
2026-08-02T16:44:52,bike,130,3803
2026-08-02T16:45:04,bike,239,3804
2026-08-02T16:45:05,bike,74,3805
2026-08-02T16:45:11,bike,584,3806
2026-08-02T16:45:17,bike,149,3807
2026-08-02T16:45:23,bike,146,3808
2026-08-02T16:45:23,bike,221,3809
2026-08-02T16:45:24,bike,248,3810
2026-08-02T16:46:10,bike,144,3811
2026-08-02T16:46:11,single,141,3812
2026-08-02T16:46:12,bike,180,3813
2026-08-02T16:46:13,bike,152,3814
2026-08-02T16:46:19,bike,184,3815
2026-08-02T16:46:22,bike,176,3816
2026-08-02T16:46:31,bike,171,3817
2026-08-02T16:46:32,single,184,3818
2026-08-02T16:47:19,bike,164,3819
2026-08-02T16:49:10,bike,172,3820
2026-08-02T16:50:12,bike,177,3821
2026-08-02T16:50:15,bike,202,3822
2026-08-02T16:50:24,bike,145,3823
2026-08-02T16:50:27,bike,179,3824
2026-08-02T16:50:31,bike,215,3825
2026-08-02T16:50:43,bike,113,3826
2026-08-02T16:50:45,bike,127,3827
2026-08-02T16:51:24,bike,160,3828
2026-08-02T16:51:58,bike,217,3829
2026-08-02T16:52:17,bike,150,3830
2026-08-02T16:52:20,bike,168,3831
2026-08-02T16:53:24,bike,153,3832
2026-08-02T16:54:11,bike,105,3833
2026-08-02T16:54:12,single,148,3834
2026-08-02T16:54:52,bike,172,3835
2026-08-02T16:54:53,bike,161,3836
2026-08-02T16:55:26,bike,231,3837
2026-08-02T16:55:27,bike,307,3838
2026-08-02T16:56:00,bike,183,3839
2026-08-02T16:56:01,bike,142,3840
2026-08-02T16:56:12,bike,82,3841
2026-08-02T16:56:25,single,135,3842
2026-08-02T16:56:38,bike,177,3843
2026-08-02T16:56:41,bike,141,3844
2026-08-02T16:56:42,single,113,3845
2026-08-02T16:57:08,bike,235,3846
2026-08-02T16:58:57,bike,156,3847
2026-08-02T16:59:41,bike,158,3848
2026-08-02T17:00:00,bike,160,3849
2026-08-02T17:00:01,single,170,3850
2026-08-02T17:00:51,bike,197,3851
2026-08-02T17:04:07,bike,195,3852
2026-08-02T17:04:43,bike,172,3853
2026-08-02T17:04:45,bike,237,3854
2026-08-02T17:04:46,bike,239,3855
2026-08-02T17:05:09,bike,141,3856
2026-08-02T17:05:09,single,146,3857
2026-08-02T17:05:11,bike,150,3858
2026-08-02T17:06:08,bike,178,3859
2026-08-02T17:06:34,bike,195,3860
2026-08-02T17:06:44,bike,247,3861
2026-08-02T17:06:58,bike,135,3862
2026-08-02T17:08:12,bike,220,3863
2026-08-02T17:10:07,bike,154,3864
2026-08-02T17:10:22,bike,661,3865
2026-08-02T17:10:37,single,239,3866
2026-08-02T17:10:46,bike,193,3867
2026-08-02T17:11:11,bike,178,3868
2026-08-02T17:11:13,bike,159,3869
2026-08-02T17:13:07,bike,177,3870
2026-08-02T17:14:24,bike,176,3871
2026-08-02T17:14:26,bike,216,3872
2026-08-02T17:14:29,bike,218,3873
2026-08-02T17:14:30,bike,207,3874
2026-08-02T17:14:54,bike,145,3875
2026-08-02T17:15:05,bike,147,3876
2026-08-02T17:15:55,bike,156,3877
2026-08-02T17:15:56,bike,120,3878
2026-08-02T17:16:37,bike,194,3879
2026-08-02T17:17:17,bike,147,3880
2026-08-02T17:18:09,bike,142,3881
2026-08-02T17:18:18,single,158,3882
2026-08-02T17:18:23,bike,128,3883
2026-08-02T17:18:53,bike,177,3884
2026-08-02T17:18:53,bike,221,3885
2026-08-02T17:20:44,bike,171,3886
2026-08-02T17:21:39,bike,168,3887
2026-08-02T17:21:55,bike,122,3888
2026-08-02T17:21:56,single,147,3889
2026-08-02T17:22:17,bike,255,3890
2026-08-02T17:22:42,single,155,3891
2026-08-02T17:23:29,bike,228,3892
2026-08-02T17:23:32,bike,124,3893
2026-08-02T17:24:56,bike,185,3894
2026-08-02T17:26:49,bike,136,3895
2026-08-02T17:27:02,bike,144,3896
2026-08-02T17:27:05,bike,152,3897
2026-08-02T17:27:07,bike,148,3898
2026-08-02T17:28:33,bike,161,3899
2026-08-02T17:28:34,bike,176,3900
2026-08-02T17:28:55,bike,174,3901
2026-08-02T17:29:00,bike,232,3902
2026-08-02T17:29:12,bike,154,3903
2026-08-02T17:31:05,bike,124,3904
2026-08-02T17:31:08,bike,164,3905
2026-08-02T17:31:29,bike,222,3906
2026-08-02T17:32:14,bike,436,3907
2026-08-02T17:32:29,bike,174,3908
2026-08-02T17:33:19,bike,130,3909
2026-08-02T17:33:21,bike,133,3910
2026-08-02T17:34:49,bike,190,3911
2026-08-02T17:34:55,bike,240,3912
2026-08-02T17:35:23,bike,175,3913
2026-08-02T17:37:40,bike,291,3914
2026-08-02T17:37:41,bike,151,3915
2026-08-02T17:39:21,bike,192,3916
2026-08-02T17:40:25,bike,170,3917
2026-08-02T17:41:13,bike,140,3918
2026-08-02T17:41:15,bike,155,3919
2026-08-02T17:41:16,bike,160,3920
2026-08-02T17:41:16,bike,154,3921
2026-08-02T17:41:17,bike,155,3922
2026-08-02T17:41:19,bike,160,3923
2026-08-02T17:41:53,bike,121,3924
2026-08-02T17:42:44,bike,214,3925
2026-08-02T17:43:18,bike,163,3926
2026-08-02T17:44:12,bike,189,3927
2026-08-02T17:45:15,bike,305,3928
2026-08-02T17:46:33,bike,180,3929
2026-08-02T17:46:33,bike,217,3930
2026-08-02T17:46:35,bike,170,3931
2026-08-02T17:46:36,single,120,3932
2026-08-02T17:46:52,bike,134,3933
2026-08-02T17:46:54,bike,127,3934
2026-08-02T17:47:48,bike,145,3935
2026-08-02T17:47:59,bike,177,3936
2026-08-02T17:49:13,bike,115,3937
2026-08-02T17:50:07,bike,158,3938
2026-08-02T17:50:52,single,194,3939
2026-08-02T17:51:03,bike,196,3940
2026-08-02T17:55:06,bike,143,3941
2026-08-02T17:55:11,bike,135,3942
2026-08-02T17:55:31,bike,200,3943
2026-08-02T17:56:31,bike,188,3944
2026-08-02T17:56:52,bike,231,3945
2026-08-02T17:57:33,bike,136,3946
2026-08-02T17:59:46,bike,70,3947
2026-08-02T17:59:46,bike,107,3948
2026-08-02T18:00:31,bike,233,3949
2026-08-02T18:00:37,bike,139,3950
2026-08-02T18:00:44,bike,122,3951
2026-08-02T18:00:47,bike,146,3952
2026-08-02T18:03:14,bike,127,3953
2026-08-02T18:04:42,bike,183,3954
2026-08-02T18:05:50,bike,113,3955
2026-08-02T18:06:00,bike,137,3956
2026-08-02T18:06:21,bike,114,3957
2026-08-02T18:07:16,bike,153,3958
2026-08-02T18:07:52,single,298,3959
2026-08-02T18:08:42,bike,139,3960
2026-08-02T18:08:42,bike,126,3961
2026-08-02T18:08:43,bike,183,3962
2026-08-02T18:08:45,bike,148,3963
2026-08-02T18:08:55,bike,162,3964
2026-08-02T18:09:54,bike,144,3965
2026-08-02T18:10:24,bike,192,3966
2026-08-02T18:11:13,bike,177,3967
2026-08-02T18:11:58,bike,196,3968
2026-08-02T18:13:21,bike,250,3969
2026-08-02T18:14:56,single,66,3970
2026-08-02T18:15:11,bike,165,3971
2026-08-02T18:16:27,bike,157,3972
2026-08-02T18:17:10,bike,157,3973
2026-08-02T18:17:10,bike,175,3974
2026-08-02T18:20:31,bike,165,3975
2026-08-02T18:20:32,bike,192,3976
2026-08-02T18:20:33,single,179,3977
2026-08-02T18:20:42,bike,142,3978
2026-08-02T18:20:55,bike,119,3979
2026-08-02T18:21:14,bike,122,3980
2026-08-02T18:22:21,bike,129,3981
2026-08-02T18:24:00,bike,287,3982
2026-08-02T18:25:19,bike,122,3983
2026-08-02T18:25:46,bike,234,3984
2026-08-02T18:27:25,bike,163,3985
2026-08-02T18:29:58,bike,148,3986
2026-08-02T18:30:07,bike,130,3987
2026-08-02T18:31:32,bike,213,3988
2026-08-02T18:31:33,bike,164,3989
2026-08-02T18:32:10,bike,188,3990
2026-08-02T18:33:44,bike,208,3991
2026-08-02T18:35:18,bike,386,3992
2026-08-02T18:36:24,bike,129,3993
2026-08-02T18:36:25,single,116,3994
2026-08-02T18:36:26,bike,152,3995
2026-08-02T18:39:06,bike,134,3996
2026-08-02T18:39:19,bike,145,3997
2026-08-02T18:39:36,bike,115,3998
2026-08-02T18:39:44,bike,749,3999
2026-08-02T18:41:12,bike,144,4000
2026-08-02T18:41:22,bike,300,4001
2026-08-02T18:41:23,bike,302,4002
2026-08-02T18:41:43,bike,180,4003
2026-08-02T18:42:43,bike,130,4004
2026-08-02T18:43:37,bike,148,4005
2026-08-02T18:44:21,bike,203,4006
2026-08-02T18:44:47,bike,100,4007
2026-08-02T18:44:47,single,106,4008
2026-08-02T18:45:11,bike,145,4009
2026-08-02T18:45:51,bike,217,4010
2026-08-02T18:48:31,single,248,4011
2026-08-02T18:48:53,single,290,4012
2026-08-02T18:48:54,bike,188,4013
2026-08-02T18:50:34,bike,274,4014
2026-08-02T18:51:25,bike,169,4015
2026-08-02T18:53:16,bike,201,4016
2026-08-02T18:54:08,bike,145,4017
2026-08-02T18:54:57,bike,163,4018
2026-08-02T18:56:30,bike,148,4019
2026-08-02T18:56:40,bike,130,4020
2026-08-02T18:56:41,single,197,4021
2026-08-02T18:57:11,bike,92,4022
2026-08-02T18:57:11,bike,80,4023
2026-08-02T18:59:45,bike,396,4024
2026-08-02T18:59:50,bike,72,4025
2026-08-02T18:59:56,single,169,4026
2026-08-02T19:00:01,single,128,4027
2026-08-02T19:00:01,single,91,4028
2026-08-02T19:00:07,single,97,4029
2026-08-02T19:00:10,single,76,4030
2026-08-02T19:00:14,single,89,4031
2026-08-02T19:00:15,single,241,4032
2026-08-02T19:00:16,bike,83,4033
2026-08-02T19:00:17,single,926,4034
